{"components/search/product-listing_pw":"{{#if product_results.products.length}}\n    {{> components/products/filter sort=pagination.product_results.sort}}\n{{/if}}\n<form action=\"{{urls.compare}}\" method='POST' data-product-compare>\n    {{#if theme_settings.product_list_display_mode '===' 'grid'}}\n        {{> components/products/grid products=product_results.products show_compare=product_results.show_compare theme_settings=theme_settings}}\n    {{else}}\n        {{> components/products/list products=product_results.products show_compare=product_results.show_compare theme_settings=theme_settings}}\n    {{/if}}\n</form>\n\n{{> components/common/paginator pagination.product_results}}\n\n\n<script>\n\nif ( $('.price-section').hasClass('price-section--withTax') ){\n    $('div.card-body').addClass('withTax');\n}\n\nif ( $('.price-section').hasClass('price-section--withoutTax') ){\n    $('div.card-body').addClass('withoutTax');\n}\n\n</script>\n","components/products/filter":"<form class=\"actionBar\" method=\"get\" data-sort-by>\n    {{> components/category/sort-box sort=sort}}\n</form>\n","components/products/grid":"<ul class=\"productGrid grid-only productGrid--maxCol{{ columns }}\">\n    {{#each products}}\n    <li class=\"product\">\n        {{>components/products/card show_compare=../show_compare show_rating=../settings.show_product_rating theme_settings=../theme_settings customer=../customer}}\n    </li>\n    {{/each}}\n    <div class=\"clear\"></div>\n</ul>\n","components/products/list":"<ul class=\"productList list-only\">\n    {{#each products}}\n    <li class=\"product\">\n        {{>components/products/list-item show_compare=../show_compare show_rating=../settings.show_product_rating theme_settings=../theme_settings customer=../customer}}\n    </li>\n    {{/each}}\n</ul>\n","components/common/paginator":"<div class=\"pagination top\">\n    <ul class=\"pagination-list\">\n        {{#if previous}}\n            <li class=\"pagination-item pagination-item--previous\">\n                <a class=\"pagination-link\" href=\"{{previous}}\" {{#unless reload}}data-faceted-search-facet{{/unless}}>\n                    <i class=\"icon\" aria-hidden=\"true\">\n                        <svg>\n                            <use xmlns:xlink=\"http://www.w3.org/1999/xlink\" xlink:href=\"#icon-chevron-left\"></use>\n                        </svg>\n                    </i>\n                    {{lang 'common.previous'}}\n                </a>\n            </li>\n        {{/if}}\n        {{#each links}}\n            {{#if this.number '==' ../current}}\n                <li class=\"pagination-item pagination-item--current\">\n                    <a class=\"pagination-link\" href=\"{{this.url}}\" {{#unless reload}}data-faceted-search-facet{{/unless}}>{{this.number}}</a>\n                </li>\n            {{else}}\n                <li class=\"pagination-item\">\n                    <a class=\"pagination-link\" href=\"{{this.url}}\" {{#unless reload}}data-faceted-search-facet{{/unless}}>{{this.number}}</a>\n                </li>\n            {{/if}}\n        {{/each}}\n\n        {{#if next}}\n            <li class=\"pagination-item pagination-item--next\">\n                <a class=\"pagination-link\" href=\"{{next}}\" {{#unless reload}}data-faceted-search-facet{{/unless}}>\n                    {{lang 'common.next'}}\n                    <i class=\"icon\" aria-hidden=\"true\">\n                        <svg>\n                            <use xmlns:xlink=\"http://www.w3.org/1999/xlink\" xlink:href=\"#icon-chevron-right\"></use>\n                        </svg>\n                    </i>\n                </a>\n            </li>\n        {{/if}}\n    </ul>\n</div>\n\n<div class=\"pagination bottom\">\n    <ul class=\"pagination-list\">\n        {{#if previous}}\n            <li class=\"pagination-item pagination-item--previous\">\n                <a class=\"pagination-link\" href=\"{{previous}}\" {{#unless reload}}data-faceted-search-facet{{/unless}}>\n                    <i class=\"icon\" aria-hidden=\"true\">\n                        <svg>\n                            <use xmlns:xlink=\"http://www.w3.org/1999/xlink\" xlink:href=\"#icon-chevron-left\"></use>\n                        </svg>\n                    </i>\n                    {{lang 'common.previous'}}\n                </a>\n            </li>\n        {{/if}}\n        {{#each links}}\n            {{#if this.number '==' ../current}}\n                <li class=\"pagination-item pagination-item--current\">\n                    <a class=\"pagination-link\" href=\"{{this.url}}\" {{#unless reload}}data-faceted-search-facet{{/unless}}>{{this.number}}</a>\n                </li>\n            {{else}}\n                <li class=\"pagination-item\">\n                    <a class=\"pagination-link\" href=\"{{this.url}}\" {{#unless reload}}data-faceted-search-facet{{/unless}}>{{this.number}}</a>\n                </li>\n            {{/if}}\n        {{/each}}\n\n        {{#if next}}\n            <li class=\"pagination-item pagination-item--next\">\n                <a class=\"pagination-link\" href=\"{{next}}\" {{#unless reload}}data-faceted-search-facet{{/unless}}>\n                    {{lang 'common.next'}}\n                    <i class=\"icon\" aria-hidden=\"true\">\n                        <svg>\n                            <use xmlns:xlink=\"http://www.w3.org/1999/xlink\" xlink:href=\"#icon-chevron-right\"></use>\n                        </svg>\n                    </i>\n                </a>\n            </li>\n        {{/if}}\n    </ul>\n</div>\n\n<script\n  src=\"https://code.jquery.com/jquery-3.3.1.min.js\"\n  integrity=\"sha256-FgpCb/KJQlLNfOu91ta32o/NMZxltwRo8QtmkMRdAu8=\"\n  crossorigin=\"anonymous\">\n</script>\n\n<script>\n$( document ).ready(function() {\n$('span.custom-checkbox').on ('click', function() {\n    $(this).toggleClass('selected');\n\t\t$('span.custom-checkbox input').attr('checked', false);\n});\n});\n</script>\n\n<script>\n$( document ).ready(function() {\n\t$('span.custom-checkbox').on ('click', function() {\n\t$('span.custom-checkbox.selected input').attr('checked', true);\n});\n});\n</script>\n\n\n<script src=\"https://cdnjs.cloudflare.com/ajax/libs/pace/1.0.2/pace.min.js\"></script>\n<script>\n$( document ).ready(function() {\n$(\"a.pagination-link\").on ('click', function() {\n\tif ( $( '.toggle-link.grid' ).hasClass( \"active\" ) ) {\n\tPace.on('done', function() {\n  \t$('.toggle-link.grid').trigger(\"click\");\n\t\t$('ul.productGrid').addClass('visible');\n\t\t$('ul.productList').removeClass('visible');\n    // $('html,body').animate({\n    //             scrollTop: $(\"main.page-content\").offset().top-50\n    //           }, 200);\n\t\t});\n\t}\n});\n\n$(\"a.pagination-link\").on ('click', function() {\n\tif ( $( '.toggle-link.list' ).hasClass( \"active\" ) ) {\n\tPace.on('done', function() {\n  \t$('.toggle-link.list').trigger(\"click\");\n\t\t$('ul.productGrid').removeClass('visible');\n\t\t$('ul.productList').addClass('visible');\n    // $('html,body').animate({\n    //             scrollTop: $(\"main.page-content\").offset().top-50\n    //           }, 200);\n\t\t});\n\t}\n});\n});\n\n$('div#facetedSearch-navList a').on ('click', function() {\n  Pace.on('done', function() {\n    // $('html,body').animate({\n    //             scrollTop: $(\"main.page-content\").offset().top-50\n    //           }, 200);\n  });\n});\n</script>\n","components/category/sort-box":"<fieldset class=\"form-fieldset actionBar-section\">\n    <div class=\"form-field\">\n        <label class=\"form-label\" for=\"sort\">{{lang 'common.sorter.sort_by'}}</label>\n        <select class=\"form-select form-select--small\" name=\"sort\" id=\"sort\">\n            <option value=\"featured\" {{#if sort '==' 'featured'}}selected{{/if}}>{{lang 'common.sorter.featured'}}</option>\n            <option value=\"newest\" {{#if sort '==' 'newest'}}selected{{/if}}>{{lang 'common.sorter.newest'}}</option>\n            <option value=\"bestselling\" {{#if sort '==' 'bestselling'}}selected{{/if}}>{{lang 'common.sorter.top_sellers'}}</option>\n            <option value=\"alphaasc\" {{#if sort '==' 'alphaasc'}}selected{{/if}}>{{lang 'common.sorter.alpha_asc'}}</option>\n            <option value=\"alphadesc\" {{#if sort '==' 'alphadesc'}}selected{{/if}}>{{lang 'common.sorter.alpha_desc'}}</option>\n            <option value=\"avgcustomerreview\" {{#if sort '==' 'avgcustomerreview'}}selected{{/if}}>{{lang 'common.sorter.reviews'}}</option>\n            <option value=\"priceasc\" {{#if sort '==' 'priceasc'}}selected{{/if}}>{{lang 'common.sorter.price_asc'}}</option>\n            <option value=\"pricedesc\" {{#if sort '==' 'pricedesc'}}selected{{/if}}>{{lang 'common.sorter.price_desc'}}</option>\n            {{#if result_count}}\n                <option value=\"relevance\" {{#if sort '==' 'relevance'}}selected{{/if}}>{{lang 'common.sorter.relevance'}}</option>\n            {{/if}}\n        </select>\n    </div>\n</fieldset>\n","components/products/list-item":"<article class=\"listItem\">\n    <figure class=\"listItem-figure\">\n      {{#or price.non_sale_price_with_tax price.non_sale_price_without_tax}}\n              {{#if theme_settings.product_sale_badges '===' 'sash'}}\n                  <div class=\"sale-flag-sash\">\n                      <span class=\"sale-text\">SALE</span>\n                  </div>\n              {{else if theme_settings.product_sale_badges '===' 'topleft'}}\n                  <div class=\"sale-flag-side\">\n                      <span class=\"sale-text\">SALE</span>\n                  </div>\n              {{else if theme_settings.product_sale_badges '===' 'burst'}}\n                  <div class=\"starwrap\">\n                      <div class=\"sale-text-burst\">SALE</div>\n                      <div class=\"sale-flag-star\"></div>\n                  </div>\n              {{/if}}\n          {{/or}}\n        <a href=\"{{url}}\">\n          {{#if theme_settings.product_hover_images '===' 'active'}}\n            <img class=\"listItem-image\" src=\"{{getImage image 'productgallery_size' (cdn theme_settings.default_image_product)}}\" alt=\"{{image.alt}}\" title=\"{{image.alt}}\">\n            {{#each (limit images 2)}}\n              {{#if @index '>' 0}}\n                <img class='listItem-image alt' src=\"{{getImage this 'productgallery_size' (cdn theme_settings.default_image_product)}}\" alt=\"{{this.alt}}\" title=\"{{this.alt}}\">\n              {{/if}}\n            {{/each}}\n              {{else if theme_settings.product_hover_images '===' 'inactive'}}\n                <img class=\"card-image lazyload\" data-sizes=\"auto\" src=\"{{cdn 'img/loading.svg'}}\" data-src=\"{{getImage image 'productgallery_size' (cdn theme_settings.default_image_product)}}\" alt=\"{{image.alt}}\" title=\"{{image.alt}}\">\n            {{/if}}\n            </a>\n        {{#unless hide_product_quick_view}}\n            {{#if theme_settings.show_product_quick_view}}\n                <div class=\"listItem-figureBody\">\n                    <a href=\"#\" class=\"button button--small listItem-button quickview\" data-product-id=\"{{id}}\">{{lang 'products.quick_view'}}</a>\n                </div>\n            {{/if}}\n        {{/unless}}\n\n    </figure>\n    <div class=\"listItem-body\">\n        <div class=\"listItem-content\">\n            <div class=\"listItem-details\">\n                {{#if show_rating}}\n                    <p class=\"listItem-rating\">{{> components/products/ratings rating=rating}}</p>\n                {{/if}}\n                {{#if brand.name}}\n                <!-- <p class=\"listItem-brand\">{{brand.name}}</p> -->\n                {{/if}}\n                <h4 class=\"listItem-title\">\n                    <a href=\"{{url}}\">{{name}}</a>\n                </h4>\n                {{#if summary}}\n                    <p>{{{summary}}}</p>\n                {{/if}}\n            </div>\n            <div class=\"listItem-actions\">\n                {{#or customer (if theme_settings.restrict_to_login '!==' true)}}\n                    {{#if price}}\n                        <div class=\"listItem-price\">{{> components/products/price price=price}}</div>\n                    {{/if}}\n                    {{#if show_cart_action}}\n                        {{#if has_options}}\n                            <a href=\"{{url}}\" class=\"button button--small\" data-product-id=\"{{id}}\">{{lang 'products.choose_options'}}</a>\n                        {{/if}}\n                        {{#if pre_order}}\n                            <a href=\"{{pre_order_add_to_cart_url}}\" class=\"button button--primary\">{{lang 'products.pre_order'}}</a>\n                        {{/if}}\n                        {{#if add_to_cart_url }}\n                            <a href=\"{{add_to_cart_url}}\" class=\"button button--primary\">{{lang 'products.add_to_cart'}}</a>\n                        {{/if}}\n                        {{#if out_of_stock_message }}\n                            <a href=\"{{url}}\" class=\"button button--small\" data-product-id=\"{{id}}\">{{out_of_stock_message}}</a>\n                        {{/if}}\n                    {{/if}}\n                {{else}}\n                    {{> components/common/login-for-pricing}}\n                {{/or}}\n                {{#if show_compare}}\n                <label class=\"button button--small card-figcaption-button compare\" for=\"compare-{{id}}\">\n                  <span class=\"custom-checkbox\"><input type=\"checkbox\" name=\"products[]\" value=\"{{id}}\" id=\"compare-{{id}}\" data-compare-id=\"{{id}}\"></span>\n                  <span class=\"compare-text\">{{lang 'products.compare'}}</span>\n                </label>\n                {{/if}}\n            </div>\n        </div>\n        <div class=\"clear\"></div>\n    </div>\n</article>\n","components/products/card":"{{#if show_compare}}\n\n<article class=\"card {{#if alternate}}card--alternate{{/if}} price-visibility{{#or customer (if theme_settings.restrict_to_login '===' true)}} restricted{{/or}}\">\n    <figure class=\"card-figure\">\n    {{#or price.non_sale_price_with_tax price.non_sale_price_without_tax}}\n            {{#if theme_settings.product_sale_badges '===' 'sash'}}\n                <div class=\"sale-flag-sash\">\n                    <span class=\"sale-text\">SALE</span>\n                </div>\n            {{else if theme_settings.product_sale_badges '===' 'topleft'}}\n                <div class=\"sale-flag-side\">\n                    <span class=\"sale-text\">SALE</span>\n                </div>\n            {{else if theme_settings.product_sale_badges '===' 'burst'}}\n                <div class=\"starwrap\">\n                    <div class=\"sale-text-burst\">SALE</div>\n                    <div class=\"sale-flag-star\"></div>\n                </div>\n            {{/if}}\n        {{/or}}\n        <a href=\"{{url}}\">\n\n          <img class='card-image main' src=\"{{getImage image 'productgallery_size' (cdn theme_settings.default_image_product)}}\" alt=\"{{image.alt}}\" title=\"{{image.alt}}\">\n            {{#if theme_settings.product_hover_images '===' 'active'}}\n              {{#each (limit images 2)}}\n                {{#if @index '>' 0}}\n                  <img class='card-image alt' src=\"{{getImage this 'productgallery_size' (cdn theme_settings.default_image_product)}}\" alt=\"{{this.alt}}\" title=\"{{this.alt}}\">\n                {{/if}}\n              {{/each}}\n            {{/if}}\n\n                <!-- <img class=\"card-image lazyload\" data-sizes=\"auto\" src=\"{{cdn 'img/loading.svg'}}\" data-src=\"{{getImage image 'productgallery_size' (cdn theme_settings.default_image_product)}}\" alt=\"{{image.alt}}\" title=\"{{image.alt}}\"> -->\n\n        </a>\n        <figcaption class=\"card-figcaption\">\n            <div class=\"card-figcaption-body\">\n              {{#unless hide_product_quick_view}}\n                  {{#if theme_settings.show_product_quick_view}}\n                      {{#unless demo}}\n                          <a href=\"#\" class=\"button button--small card-figcaption-button quickview\" data-product-id=\"{{id}}\">{{lang 'products.quick_view'}}</a>\n                      {{/unless}}\n                  {{/if}}\n              {{/unless}}\n            </div>\n        </figcaption>\n    </figure>\n\n\n        {{#if theme_settings.price_as_low_as '===' true}}\n        {{#or customer (if theme_settings.restrict_to_login '!==' true)}}\n        <div class=\"card-body with-as-low-as-pricing purchase-ability{{#or customer (if theme_settings.restrict_to_login '===' true)}} restricted{{/or}}\" data-test-info-type=\"price\">\n            <h4 class=\"card-title\">\n                <a href=\"{{url}}\">{{name}}</a>\n            </h4>\n\n                <p class=\"card-text\" data-test-info-type=\"productRating\">\n                    <span class=\"rating--small\">\n                        {{> components/products/ratings rating=rating}}\n                    </span>\n                </p>\n\n            <!-- {{#if brand.name}}\n                <p class=\"card-text\" data-test-info-type=\"brandName\">{{brand.name}}</p>\n            {{/if}} -->\n            <div class=\"card-text\" data-test-info-type=\"price\">\n                <div class=\"price-visibility{{#or customer (if theme_settings.restrict_to_login '===' true)}} visible{{/or}}\">\n                  {{#or customer (if theme_settings.restrict_to_login '!==' true)}}\n                    {{> components/products/price price=price customer=customer}}\n                  {{else}}\n                </div>\n                <div class=\"price-visibility{{#or customer (if theme_settings.restrict_to_login '===' true)}} restricted{{/or}}\">\n                    {{> components/common/login-for-pricing}}\n                {{/or}}\n                </div>\n            </div>\n            {{> components/products/bulk-discount-rates}}\n            {{#or customer (if theme_settings.restrict_to_login '!==' true)}}\n            <div class=\"card-text add-to-cart-button\">\n                    {{#if show_cart_action}}\n                        {{#if has_options}}\n                            <a href=\"{{url}}\" class=\"button button--small card-figcaption-button\" data-product-id=\"{{id}}\">{{lang 'products.choose_options'}}</a>\n                        {{/if}}\n                        {{#if pre_order}}\n                            <a href=\"{{url}}\" class=\"button button--small card-figcaption-button\">{{lang 'products.pre_order'}}</a>\n                        {{/if}}\n                        {{#if add_to_cart_url }}\n                            <a href=\"{{add_to_cart_url}}\" class=\"button button--small card-figcaption-button\">{{lang 'products.add_to_cart'}}</a>\n                        {{/if}}\n                        {{#if out_of_stock_message }}\n                            <a href=\"{{url}}\" class=\"button button--small card-figcaption-button\" data-product-id=\"{{id}}\">{{out_of_stock_message}}</a>\n                        {{/if}}\n                    {{/if}}\n\n                    {{#if show_compare}}\n                        <label class=\"button button--small card-figcaption-button compare\" for=\"compare-{{id}}\">\n                            <span class=\"custom-checkbox\"><input type=\"checkbox\" name=\"products[]\" value=\"{{id}}\" id=\"compare-{{id}}\" data-compare-id=\"{{id}}\"></span>\n                            <span class=\"compare-text\">{{lang 'products.compare'}}</span>\n                        </label>\n                    {{/if}}\n            </div>\n            {{/or}}\n        </div>\n        {{else if theme_settings.price_as_low_as '===' true}}\n        {{#or customer (if theme_settings.restrict_to_login '===' true)}}\n        <div class=\"card-body with-as-low-as-pricing purchase-ability{{#or customer (if theme_settings.restrict_to_login '===' true)}} restricted{{/or}}\" data-test-info-type=\"price\">\n            <h4 class=\"card-title\">\n                <a href=\"{{url}}\">{{name}}</a>\n            </h4>\n            {{#if show_rating}}\n                <p class=\"card-text\" data-test-info-type=\"productRating\">\n                    <span class=\"rating--small\">\n                        {{> components/products/ratings rating=rating}}\n                    </span>\n                </p>\n            {{/if}}\n            <!-- {{#if brand.name}}\n                <p class=\"card-text\" data-test-info-type=\"brandName\">{{brand.name}}</p>\n            {{/if}} -->\n            <div class=\"card-text\" data-test-info-type=\"price\">\n                <div class=\"price-visibility{{#or customer (if theme_settings.restrict_to_login '===' true)}} visible{{/or}}\">\n                  {{#or customer (if theme_settings.restrict_to_login '!==' true)}}\n                    {{> components/products/price price=price customer=customer}}\n                  {{else}}\n                </div>\n                <div class=\"price-visibility{{#or customer (if theme_settings.restrict_to_login '===' true)}} restricted{{/or}}\">\n                    {{> components/common/login-for-pricing}}\n                {{/or}}\n                </div>\n            </div>\n            {{> components/products/bulk-discount-rates}}\n            {{#or customer (if theme_settings.restrict_to_login '!==' true)}}\n            <div class=\"card-text add-to-cart-button\">\n                    {{#if show_cart_action}}\n                        {{#if has_options}}\n                            <a href=\"{{url}}\" class=\"button button--small card-figcaption-button\" data-product-id=\"{{id}}\">{{lang 'products.choose_options'}}</a>\n                        {{/if}}\n                        {{#if pre_order}}\n                            <a href=\"{{url}}\" class=\"button button--small card-figcaption-button\">{{lang 'products.pre_order'}}</a>\n                        {{/if}}\n                        {{#if add_to_cart_url }}\n                            <a href=\"{{add_to_cart_url}}\" class=\"button button--small card-figcaption-button\">{{lang 'products.add_to_cart'}}</a>\n                        {{/if}}\n                        {{#if out_of_stock_message }}\n                            <a href=\"{{url}}\" class=\"button button--small card-figcaption-button\" data-product-id=\"{{id}}\">{{out_of_stock_message}}</a>\n                        {{/if}}\n                    {{/if}}\n\n                    {{#if show_compare}}\n                        <label class=\"button button--small card-figcaption-button compare\" for=\"compare-{{id}}\">\n                          <span class=\"custom-checkbox\"><input type=\"checkbox\" name=\"products[]\" value=\"{{id}}\" id=\"compare-{{id}}\" data-compare-id=\"{{id}}\"></span>\n                          <span class=\"compare-text\">{{lang 'products.compare'}}</span>\n                        </label>\n                    {{/if}}\n            </div>\n            {{/or}}\n        </div>\n\n        {{/or}}\n        {{/or}}\n\n\n          {{else if theme_settings.price_as_low_as '===' false}}\n          {{#or customer (if theme_settings.restrict_to_login '===' false)}}\n          <div class=\"card-body purchase-ability{{#or customer (if theme_settings.restrict_to_login '===' true)}} restricted{{/or}}\" data-test-info-type=\"price\">\n              <h4 class=\"card-title\">\n                  <a href=\"{{url}}\">{{name}}</a>\n              </h4>\n              {{#if show_rating}}\n                  <p class=\"card-text\" data-test-info-type=\"productRating\">\n                      <span class=\"rating--small\">\n                          {{> components/products/ratings rating=rating}}\n                      </span>\n                  </p>\n              {{/if}}\n              <!-- {{#if brand.name}}\n                  <p class=\"card-text\" data-test-info-type=\"brandName\">{{brand.name}}</p>\n              {{/if}} -->\n              <div class=\"card-text\" data-test-info-type=\"price\">\n                  <div class=\"price-visibility{{#or customer (if theme_settings.restrict_to_login '===' true)}} visible{{/or}}\">\n                    {{#or customer (if theme_settings.restrict_to_login '!==' true)}}\n                      {{> components/products/price price=price customer=customer}}\n                    {{else}}\n                  </div>\n                  <div class=\"price-visibility{{#or customer (if theme_settings.restrict_to_login '===' true)}} restricted{{/or}}\">\n                      {{> components/common/login-for-pricing}}\n                  {{/or}}\n                  </div>\n              </div>\n              {{> components/products/bulk-discount-rates}}\n              {{#or customer (if theme_settings.restrict_to_login '!==' true)}}\n              <div class=\"card-text add-to-cart-button\">\n                      {{#if show_cart_action}}\n                          {{#if has_options}}\n                              <a href=\"{{url}}\" class=\"button button--small card-figcaption-button\" data-product-id=\"{{id}}\">{{lang 'products.choose_options'}}</a>\n                          {{/if}}\n                          {{#if pre_order}}\n                              <a href=\"{{url}}\" class=\"button button--small card-figcaption-button\">{{lang 'products.pre_order'}}</a>\n                          {{/if}}\n                          {{#if add_to_cart_url }}\n                              <a href=\"{{add_to_cart_url}}\" class=\"button button--small card-figcaption-button\">{{lang 'products.add_to_cart'}}</a>\n                          {{/if}}\n                          {{#if out_of_stock_message }}\n                              <a href=\"{{url}}\" class=\"button button--small card-figcaption-button\" data-product-id=\"{{id}}\">{{out_of_stock_message}}</a>\n                          {{/if}}\n                      {{/if}}\n\n                      {{#if show_compare}}\n                          <label class=\"button button--small card-figcaption-button compare\" for=\"compare-{{id}}\">\n                            <span class=\"custom-checkbox\"><input type=\"checkbox\" name=\"products[]\" value=\"{{id}}\" id=\"compare-{{id}}\" data-compare-id=\"{{id}}\"></span>\n                            <span class=\"compare-text\">{{lang 'products.compare'}}</span>\n                          </label>\n                      {{/if}}\n              </div>\n              {{/or}}\n          </div>\n\n          {{else}}\n          {{#or customer (if theme_settings.restrict_to_login '===' true)}}\n          <div class=\"card-body purchase-ability{{#or customer (if theme_settings.restrict_to_login '===' true)}} restricted{{/or}}\" data-test-info-type=\"price\">\n              <h4 class=\"card-title\">\n                  <a href=\"{{url}}\">{{name}}</a>\n              </h4>\n              {{#if show_rating}}\n                  <p class=\"card-text\" data-test-info-type=\"productRating\">\n                      <span class=\"rating--small\">\n                          {{> components/products/ratings rating=rating}}\n                      </span>\n                  </p>\n              {{/if}}\n              <!-- {{#if brand.name}}\n                  <p class=\"card-text\" data-test-info-type=\"brandName\">{{brand.name}}</p>\n              {{/if}} -->\n              <div class=\"card-text\" data-test-info-type=\"price\">\n                  <div class=\"price-visibility{{#or customer (if theme_settings.restrict_to_login '===' true)}} visible{{/or}}\">\n                    {{#or customer (if theme_settings.restrict_to_login '!==' true)}}\n                      {{> components/products/price price=price customer=customer}}\n                    {{else}}\n                  </div>\n                  <div class=\"price-visibility{{#or customer (if theme_settings.restrict_to_login '===' true)}} restricted{{/or}}\">\n                      {{> components/common/login-for-pricing}}\n                  {{/or}}\n                  </div>\n              </div>\n              {{> components/products/bulk-discount-rates}}\n              {{#or customer (if theme_settings.restrict_to_login '!==' true)}}\n              <div class=\"card-text add-to-cart-button\">\n                      {{#if show_cart_action}}\n                          {{#if has_options}}\n                              <a href=\"{{url}}\" class=\"button button--small card-figcaption-button\" data-product-id=\"{{id}}\">{{lang 'products.choose_options'}}</a>\n                          {{/if}}\n                          {{#if pre_order}}\n                              <a href=\"{{url}}\" class=\"button button--small card-figcaption-button\">{{lang 'products.pre_order'}}</a>\n                          {{/if}}\n                          {{#if add_to_cart_url }}\n                              <a href=\"{{add_to_cart_url}}\" class=\"button button--small card-figcaption-button\">{{lang 'products.add_to_cart'}}</a>\n                          {{/if}}\n                          {{#if out_of_stock_message }}\n                              <a href=\"{{url}}\" class=\"button button--small card-figcaption-button\" data-product-id=\"{{id}}\">{{out_of_stock_message}}</a>\n                          {{/if}}\n                      {{/if}}\n\n                      {{#if show_compare}}\n                          <label class=\"button button--small card-figcaption-button compare\" for=\"compare-{{id}}\">\n                            <span class=\"custom-checkbox\"><input type=\"checkbox\" name=\"products[]\" value=\"{{id}}\" id=\"compare-{{id}}\" data-compare-id=\"{{id}}\"></span>\n                            <span class=\"compare-text\">{{lang 'products.compare'}}</span>\n                          </label>\n                      {{/if}}\n              </div>\n              {{/or}}\n          </div>\n          {{/or}}\n          {{/or}}\n        {{/if}}\n</article>\n\n\n\n\n\n\n{{else}}\n<article class=\"card compare-disabled{{#if alternate}}card--alternate{{/if}} price-visibility{{#or customer (if theme_settings.restrict_to_login '===' true)}} restricted{{/or}}\">\n    <figure class=\"card-figure\">\n    {{#or price.non_sale_price_with_tax price.non_sale_price_without_tax}}\n            {{#if theme_settings.product_sale_badges '===' 'sash'}}\n                <div class=\"sale-flag-sash\">\n                    <span class=\"sale-text\">SALE</span>\n                </div>\n            {{else if theme_settings.product_sale_badges '===' 'topleft'}}\n                <div class=\"sale-flag-side\">\n                    <span class=\"sale-text\">SALE</span>\n                </div>\n            {{else if theme_settings.product_sale_badges '===' 'burst'}}\n                <div class=\"starwrap\">\n                    <div class=\"sale-text-burst\">SALE</div>\n                    <div class=\"sale-flag-star\"></div>\n                </div>\n            {{/if}}\n        {{/or}}\n        <a class=\"image-product-link\" href=\"{{url}}\">\n\n            <img class='card-image main' src=\"{{getImage image 'productgallery_size' (cdn theme_settings.default_image_product)}}\" alt=\"{{image.alt}}\" title=\"{{image.alt}}\">\n\n            {{#if theme_settings.product_hover_images '===' 'active'}}\n              {{#each (limit images 2)}}\n                {{#if @index '>' 0}}\n                  <img class='card-image alt' src=\"{{getImage this 'productgallery_size' (cdn theme_settings.default_image_product)}}\" alt=\"{{this.alt}}\" title=\"{{this.alt}}\">\n                {{/if}}\n              {{/each}}\n            {{/if}}\n\n                  <!-- <img class=\"card-image lazyload\" data-sizes=\"auto\" src=\"{{cdn 'img/loading.svg'}}\" data-src=\"{{getImage image 'productgallery_size' (cdn theme_settings.default_image_product)}}\" alt=\"{{image.alt}}\" title=\"{{image.alt}}\"> -->\n\n          </a>\n        <figcaption class=\"card-figcaption\">\n            <div class=\"card-figcaption-body\">\n              {{#unless hide_product_quick_view}}\n                  {{#if theme_settings.show_product_quick_view}}\n                      {{#unless demo}}\n                          <a href=\"#\" class=\"button button--small card-figcaption-button quickview\" data-product-id=\"{{id}}\">{{lang 'products.quick_view'}}</a>\n                      {{/unless}}\n                  {{/if}}\n              {{/unless}}\n            </div>\n        </figcaption>\n    </figure>\n\n\n        {{#if theme_settings.price_as_low_as '===' true}}\n        {{#or customer (if theme_settings.restrict_to_login '!==' true)}}\n        <div class=\"card-body with-as-low-as-pricing purchase-ability{{#or customer (if theme_settings.restrict_to_login '===' true)}} restricted{{/or}}\" data-test-info-type=\"price\">\n            <h4 class=\"card-title\">\n                <a href=\"{{url}}\">{{name}}</a>\n            </h4>\n            {{#if show_rating}}\n                <p class=\"card-text\" data-test-info-type=\"productRating\">\n                    <span class=\"rating--small\">\n                        {{> components/products/ratings rating=rating}}\n                    </span>\n                </p>\n            {{/if}}\n            <!-- {{#if brand.name}}\n                <p class=\"card-text\" data-test-info-type=\"brandName\">{{brand.name}}</p>\n            {{/if}} -->\n            <div class=\"card-text\" data-test-info-type=\"price\">\n                <div class=\"price-visibility{{#or customer (if theme_settings.restrict_to_login '===' true)}} visible{{/or}}\">\n                  {{#or customer (if theme_settings.restrict_to_login '!==' true)}}\n                    {{> components/products/price price=price customer=customer}}\n                  {{else}}\n                </div>\n                <div class=\"price-visibility{{#or customer (if theme_settings.restrict_to_login '===' true)}} restricted{{/or}}\">\n                    {{> components/common/login-for-pricing}}\n                {{/or}}\n                </div>\n            </div>\n            {{> components/products/bulk-discount-rates}}\n            {{#or customer (if theme_settings.restrict_to_login '!==' true)}}\n            <div class=\"card-text add-to-cart-button\">\n                    {{#if show_cart_action}}\n                        {{#if has_options}}\n                            <a href=\"{{url}}\" class=\"button button--small card-figcaption-button\" data-product-id=\"{{id}}\">{{lang 'products.choose_options'}}</a>\n                        {{/if}}\n                        {{#if pre_order}}\n                            <a href=\"{{url}}\" class=\"button button--small card-figcaption-button\">{{lang 'products.pre_order'}}</a>\n                        {{/if}}\n                        {{#if add_to_cart_url }}\n                            <a href=\"{{add_to_cart_url}}\" class=\"button button--small card-figcaption-button\">{{lang 'products.add_to_cart'}}</a>\n                        {{/if}}\n                        {{#if out_of_stock_message }}\n                            <a href=\"{{url}}\" class=\"button button--small card-figcaption-button\" data-product-id=\"{{id}}\">{{out_of_stock_message}}</a>\n                        {{/if}}\n                    {{/if}}\n\n                    {{#if show_compare}}\n                        <label class=\"button button--small card-figcaption-button compare\" for=\"compare-{{id}}\">\n                          <span class=\"custom-checkbox\"><input type=\"checkbox\" name=\"products[]\" value=\"{{id}}\" id=\"compare-{{id}}\" data-compare-id=\"{{id}}\"></span>\n                          <span class=\"compare-text\">{{lang 'products.compare'}}</span>\n                        </label>\n                    {{/if}}\n            </div>\n            {{/or}}\n        </div>\n        {{else if theme_settings.price_as_low_as '===' true}}\n        {{#or customer (if theme_settings.restrict_to_login '===' true)}}\n        <div class=\"card-body with-as-low-as-pricing purchase-ability{{#or customer (if theme_settings.restrict_to_login '===' true)}} restricted{{/or}}\" data-test-info-type=\"price\">\n            <h4 class=\"card-title\">\n                <a href=\"{{url}}\">{{name}}</a>\n            </h4>\n            {{#if show_rating}}\n                <p class=\"card-text\" data-test-info-type=\"productRating\">\n                    <span class=\"rating--small\">\n                        {{> components/products/ratings rating=rating}}\n                    </span>\n                </p>\n            {{/if}}\n            <!-- {{#if brand.name}}\n                <p class=\"card-text\" data-test-info-type=\"brandName\">{{brand.name}}</p>\n            {{/if}} -->\n            <div class=\"card-text\" data-test-info-type=\"price\">\n                <div class=\"price-visibility{{#or customer (if theme_settings.restrict_to_login '===' true)}} visible{{/or}}\">\n                  {{#or customer (if theme_settings.restrict_to_login '!==' true)}}\n                    {{> components/products/price price=price customer=customer}}\n                  {{else}}\n                </div>\n                <div class=\"price-visibility{{#or customer (if theme_settings.restrict_to_login '===' true)}} restricted{{/or}}\">\n                    {{> components/common/login-for-pricing}}\n                {{/or}}\n                </div>\n            </div>\n            {{> components/products/bulk-discount-rates}}\n            {{#or customer (if theme_settings.restrict_to_login '!==' true)}}\n            <div class=\"card-text add-to-cart-button\">\n                    {{#if show_cart_action}}\n                        {{#if has_options}}\n                            <a href=\"{{url}}\" class=\"button button--small card-figcaption-button\" data-product-id=\"{{id}}\">{{lang 'products.choose_options'}}</a>\n                        {{/if}}\n                        {{#if pre_order}}\n                            <a href=\"{{url}}\" class=\"button button--small card-figcaption-button\">{{lang 'products.pre_order'}}</a>\n                        {{/if}}\n                        {{#if add_to_cart_url }}\n                            <a href=\"{{add_to_cart_url}}\" class=\"button button--small card-figcaption-button\">{{lang 'products.add_to_cart'}}</a>\n                        {{/if}}\n                        {{#if out_of_stock_message }}\n                            <a href=\"{{url}}\" class=\"button button--small card-figcaption-button\" data-product-id=\"{{id}}\">{{out_of_stock_message}}</a>\n                        {{/if}}\n                    {{/if}}\n\n                    {{#if show_compare}}\n                        <label class=\"button button--small card-figcaption-button compare\" for=\"compare-{{id}}\">\n                            <<span class=\"custom-checkbox\"><input type=\"checkbox\" name=\"products[]\" value=\"{{id}}\" id=\"compare-{{id}}\" data-compare-id=\"{{id}}\"></span>\n                            <span class=\"compare-text\">{{lang 'products.compare'}}</span>\n                        </label>\n                    {{/if}}\n            </div>\n            {{/or}}\n        </div>\n\n        {{/or}}\n        {{/or}}\n\n\n          {{else if theme_settings.price_as_low_as '===' false}}\n          {{#or customer (if theme_settings.restrict_to_login '===' false)}}\n          <div class=\"card-body purchase-ability{{#or customer (if theme_settings.restrict_to_login '===' true)}} restricted{{/or}}\" data-test-info-type=\"price\">\n              <h4 class=\"card-title\">\n                  <a href=\"{{url}}\">{{name}}</a>\n              </h4>\n              {{#if show_rating}}\n                  <p class=\"card-text\" data-test-info-type=\"productRating\">\n                      <span class=\"rating--small\">\n                          {{> components/products/ratings rating=rating}}\n                      </span>\n                  </p>\n              {{/if}}\n              <!-- {{#if brand.name}}\n                  <p class=\"card-text\" data-test-info-type=\"brandName\">{{brand.name}}</p>\n              {{/if}} -->\n              <div class=\"card-text\" data-test-info-type=\"price\">\n                  <div class=\"price-visibility{{#or customer (if theme_settings.restrict_to_login '===' true)}} visible{{/or}}\">\n                    {{#or customer (if theme_settings.restrict_to_login '!==' true)}}\n                      {{> components/products/price price=price customer=customer}}\n                    {{else}}\n                  </div>\n                  <div class=\"price-visibility{{#or customer (if theme_settings.restrict_to_login '===' true)}} restricted{{/or}}\">\n                      {{> components/common/login-for-pricing}}\n                  {{/or}}\n                  </div>\n              </div>\n              {{> components/products/bulk-discount-rates}}\n              {{#or customer (if theme_settings.restrict_to_login '!==' true)}}\n              <div class=\"card-text add-to-cart-button\">\n                      {{#if show_cart_action}}\n                          {{#if has_options}}\n                              <a href=\"{{url}}\" class=\"button button--small card-figcaption-button\" data-product-id=\"{{id}}\">{{lang 'products.choose_options'}}</a>\n                          {{/if}}\n                          {{#if pre_order}}\n                              <a href=\"{{url}}\" class=\"button button--small card-figcaption-button\">{{lang 'products.pre_order'}}</a>\n                          {{/if}}\n                          {{#if add_to_cart_url }}\n                              <a href=\"{{add_to_cart_url}}\" class=\"button button--small card-figcaption-button\">{{lang 'products.add_to_cart'}}</a>\n                          {{/if}}\n                          {{#if out_of_stock_message }}\n                              <a href=\"{{url}}\" class=\"button button--small card-figcaption-button\" data-product-id=\"{{id}}\">{{out_of_stock_message}}</a>\n                          {{/if}}\n                      {{/if}}\n\n                      {{#if show_compare}}\n                          <label class=\"button button--small card-figcaption-button compare\" for=\"compare-{{id}}\">\n                            <span class=\"custom-checkbox\"><input type=\"checkbox\" name=\"products[]\" value=\"{{id}}\" id=\"compare-{{id}}\" data-compare-id=\"{{id}}\"></span>\n                            <span class=\"compare-text\">{{lang 'products.compare'}}</span>\n                          </label>\n                      {{/if}}\n              </div>\n              {{/or}}\n          </div>\n\n          {{else}}\n          {{#or customer (if theme_settings.restrict_to_login '===' true)}}\n          <div class=\"card-body purchase-ability{{#or customer (if theme_settings.restrict_to_login '===' true)}} restricted{{/or}}\" data-test-info-type=\"price\">\n              <h4 class=\"card-title\">\n                  <a href=\"{{url}}\">{{name}}</a>\n              </h4>\n              {{#if show_rating}}\n                  <p class=\"card-text\" data-test-info-type=\"productRating\">\n                      <span class=\"rating--small\">\n                          {{> components/products/ratings rating=rating}}\n                      </span>\n                  </p>\n              {{/if}}\n              <!-- {{#if brand.name}}\n                  <p class=\"card-text\" data-test-info-type=\"brandName\">{{brand.name}}</p>\n              {{/if}} -->\n              <div class=\"card-text\" data-test-info-type=\"price\">\n                  <div class=\"price-visibility{{#or customer (if theme_settings.restrict_to_login '===' true)}} visible{{/or}}\">\n                    {{#or customer (if theme_settings.restrict_to_login '!==' true)}}\n                      {{> components/products/price price=price customer=customer}}\n                    {{else}}\n                  </div>\n                  <div class=\"price-visibility{{#or customer (if theme_settings.restrict_to_login '===' true)}} restricted{{/or}}\">\n                      {{> components/common/login-for-pricing}}\n                  {{/or}}\n                  </div>\n              </div>\n              {{> components/products/bulk-discount-rates}}\n              {{#or customer (if theme_settings.restrict_to_login '!==' true)}}\n              <div class=\"card-text add-to-cart-button\">\n                      {{#if show_cart_action}}\n                          {{#if has_options}}\n                              <a href=\"{{url}}\" class=\"button button--small card-figcaption-button\" data-product-id=\"{{id}}\">{{lang 'products.choose_options'}}</a>\n                          {{/if}}\n                          {{#if pre_order}}\n                              <a href=\"{{url}}\" class=\"button button--small card-figcaption-button\">{{lang 'products.pre_order'}}</a>\n                          {{/if}}\n                          {{#if add_to_cart_url }}\n                              <a href=\"{{add_to_cart_url}}\" class=\"button button--small card-figcaption-button\">{{lang 'products.add_to_cart'}}</a>\n                          {{/if}}\n                          {{#if out_of_stock_message }}\n                              <a href=\"{{url}}\" class=\"button button--small card-figcaption-button\" data-product-id=\"{{id}}\">{{out_of_stock_message}}</a>\n                          {{/if}}\n                      {{/if}}\n\n                      {{#if show_compare}}\n                          <label class=\"button button--small card-figcaption-button compare\" for=\"compare-{{id}}\">\n                            <span class=\"custom-checkbox\"><input type=\"checkbox\" name=\"products[]\" value=\"{{id}}\" id=\"compare-{{id}}\" data-compare-id=\"{{id}}\"></span>\n                            <span class=\"compare-text\">{{lang 'products.compare'}}</span>\n                          </label>\n                      {{/if}}\n              </div>\n              {{/or}}\n          </div>\n          {{/or}}\n          {{/or}}\n        {{/if}}\n</article>\n{{/if}}\n","components/products/ratings":"{{#for 1 5}}\n    {{#if ../this.rating '>=' $index}}\n        <span class=\"icon icon--ratingFull\">\n            <svg>\n                <use xlink:href=\"#icon-star\" />\n            </svg>\n        </span>\n    {{else}}\n        <span class=\"icon icon--ratingEmpty\">\n            <svg>\n                <use xlink:href=\"#icon-star\" />\n            </svg>\n        </span>\n    {{/if}}\n{{/for}}\n{{{snippet 'product_rating'}}}\n","components/products/price":"{{#or has_options product.options.length}}\n    {{#if price.with_tax}}\n        <div class=\"price-section price-section--withTax\" {{#if schema_org}}itemprop=\"offers\" itemscope itemtype=\"http://schema.org/Offer\"{{/if}}>\n            {{#if price.rrp_with_tax}}\n                <span data-product-rrp-with-tax class=\"price price--rrp\">{{price.rrp_with_tax.formatted}}</span>\n            {{/if}}\n            {{#if page_type '!==' 'product'}}\n                {{#if theme_settings.price_as_low_as}}\n                    <span translate>As low as </span>\n                {{/if}}\n            {{/if}}\n            <span data-product-price-with-tax class=\"price\">{{price.with_tax.formatted}}</span>\n            {{#if price.without_tax}}\n                {{lang 'products.price_with_tax' tax_label=price.tax_label}}\n            {{/if}}\n        </div>\n    {{/if}}\n    {{#if price.without_tax}}\n        <div class=\"price-section price-section--withoutTax {{#if price.with_tax}}price-section--minor{{/if}}\"  {{#if schema_org}}itemprop=\"offers\" itemscope itemtype=\"http://schema.org/Offer\"{{/if}}>\n            {{#if price.rrp_without_tax}}\n                <span data-product-rrp-without-tax class=\"price price--rrp\">{{price.rrp_without_tax.formatted}}</span>\n            {{/if}}\n            {{#if schema_org}}\n                <meta itemprop=\"price\" content=\"{{price.without_tax.value}}\">\n                <meta itemprop=\"priceCurrency\" content=\"{{currency_selector.active_currency_code}}\">\n                <meta itemprop=\"availability\" content=\"{{product.availability}}\">\n                <meta itemprop=\"itemCondition\" itemtype=\"http://schema.org/OfferItemCondition\" content=\"http://schema.org/{{product.condition}}Condition\">\n            {{/if}}\n            {{#if page_type '!==' 'product'}}\n                {{#if theme_settings.price_as_low_as}}\n                    <span translate>As low as </span>\n                {{/if}}\n            {{/if}}\n            <span data-product-price-without-tax class=\"price price--withoutTax\">{{price.without_tax.formatted}}</span>\n            {{#if price.with_tax}}\n                <abbr title=\"{{lang 'products.excluding_tax'}}\">{{lang 'products.price_without_tax' tax_label=price.tax_label}}</abbr>\n            {{/if}}\n        </div>\n    {{/if}}\n    {{#if page_type '===' 'product'}}\n        {{#if price.saved}}\n            <div class=\"price-section price-section--saving\">\n                <span class=\"price\">\n                    {{lang 'products.you_save' amount=price.saved.formatted}}\n                </span>\n            </div>\n        {{/if}}\n    {{/if}}\n{{else}}\n    {{#if price.with_tax}}\n        <div class=\"price-section price-section--withTax\" {{#if schema_org}}itemprop=\"offers\" itemscope itemtype=\"http://schema.org/Offer\"{{/if}}>\n            {{#if price.rrp_with_tax}}\n                <span data-product-rrp-with-tax class=\"price price--rrp\">{{price.rrp_with_tax.formatted}}</span>\n            {{/if}}\n            <span data-product-price-with-tax class=\"price\">{{price.with_tax.formatted}}</span>\n            {{#if price.without_tax}}\n                {{lang 'products.price_with_tax' tax_label=price.tax_label}}\n            {{/if}}\n        </div>\n    {{/if}}\n    {{#if price.without_tax}}\n        <div class=\"price-section price-section--withoutTax {{#if price.with_tax}}price-section--minor{{/if}}\"  {{#if schema_org}}itemprop=\"offers\" itemscope itemtype=\"http://schema.org/Offer\"{{/if}}>\n            {{#if price.rrp_without_tax}}\n                <span data-product-rrp-without-tax class=\"price price--rrp\">{{price.rrp_without_tax.formatted}}</span>\n            {{/if}}\n            {{#if schema_org}}\n                <meta itemprop=\"price\" content=\"{{price.without_tax.value}}\">\n                <meta itemprop=\"priceCurrency\" content=\"{{currency_selector.active_currency_code}}\">\n            {{/if}}\n            <span data-product-price-without-tax class=\"price price--withoutTax\">{{price.without_tax.formatted}}</span>\n            {{#if price.with_tax}}\n                <abbr title=\"{{lang 'products.excluding_tax'}}\">{{lang 'products.price_without_tax' tax_label=price.tax_label}}</abbr>\n            {{/if}}\n        </div>\n    {{/if}}\n    {{#if page_type '===' 'product'}}\n        {{#if price.saved}}\n            <div class=\"price-section price-section--saving\">\n                <span class=\"price\">\n                    {{lang 'products.you_save' amount=price.saved.formatted}}\n                </span>\n            </div>\n        {{/if}}\n    {{/if}}\n{{/or}}\n","components/common/login-for-pricing":"<p translate>Log in for pricing</p>","components/products/bulk-discount-rates":"{{#if bulk_discount_rates.length}}\n    <dt class=\"productView-info-name\">{{lang 'products.bulk_pricing.title'}}</dt>\n    <dd class=\"productView-info-value\">\n        <a href=\"{{url}}\" data-reveal-id=\"bulkPricingModal-{{id}}-{{$index}}\">\n            {{lang 'products.bulk_pricing.view'}}\n        </a>\n    </dd>\n    <div id=\"bulkPricingModal-{{id}}-{{$index}}\" class=\"modal modal--small\" data-reveal>\n        <div class=\"modal-header\">\n            <h2 class=\"modal-header-title\">{{lang 'products.bulk_pricing.modal_title'}}</h2>\n            <a href=\"#\" class=\"modal-close\" aria-label=\"Close\"><span aria-hidden=\"true\">&#215;</span></a>\n        </div>\n        <div class=\"modal-body\">\n            <p>{{lang 'products.bulk_pricing.instructions'}}</p>\n            <ul>\n            {{#each bulk_discount_rates}}\n                <li>\n                    {{lang 'products.bulk_pricing.range' min=min max=max}}\n                    {{#if type '===' 'percent'}}\n                        {{lang 'products.bulk_pricing.percent' discount=discount.formatted}}\n                    {{/if}}\n                    {{#if type '===' 'fixed'}}\n                        {{lang 'products.bulk_pricing.fixed' discount=discount.formatted}}\n                    {{/if}}\n                    {{#if type '===' 'price'}}\n                        {{lang 'products.bulk_pricing.price' discount=discount.formatted}}\n                    {{/if}}\n                </li>\n            {{/each}}\n            </ul>\n        </div>\n    </div>\n{{/if}}\n"}
