{"pages/errors/404":"---\nblog:\n    recent_posts:\n        limit: {{theme_settings.homepage_blog_posts_count}}\n---\n{{#partial \"page\"}}\n\n{{> components/common/breadcrumbs breadcrumbs=breadcrumbs}}\n\n<main class=\"page\">\n    <section class=\"page-content page-content--centered\">\n        <h1 class=\"page-heading\">{{lang 'page_not_found.page_heading'}}</h1>\n        <p class=\"u-textAlignCenter\">\n            {{lang 'page_not_found.message'}}\n        </p>\n\n        {{> components/common/search-box}}\n    </section>\n</main>\n\n{{/partial}}\n{{> layout/base}}\n","components/common/breadcrumbs":"<ul class=\"breadcrumbs\">\n    {{#each breadcrumbs}}\n        <li class=\"breadcrumb {{#if @last}}is-active{{/if}}\">\n            {{#if url}}\n                <a href=\"{{url}}\" class=\"breadcrumb-label\">{{name}}</a>\n            {{else}}\n                <span class=\"breadcrumb-label\">{{name}}</span>\n            {{/if}}\n        </li>\n    {{/each}}\n</ul>\n","layout/base":"<!DOCTYPE html>\n<html class=\"no-js\" lang=\"{{ locale_name }}\">\n    <head>\n        <title>{{ head.title }}</title>\n        {{{ head.meta_tags }}}\n        {{{ head.config }}}\n        {{#block \"head\"}} {{/block}}\n        <!-- {{{stylesheet '/assets/font-awesome/css/font-awesome.min.css'}}} -->\n        <script src=\"https://use.fontawesome.com/63220265b2.js\" async></script>\n        <link href=\"{{ head.favicon }}\" rel=\"shortcut icon\">\n        <meta name=\"viewport\" content=\"width=device-width, initial-scale=1, maximum-scale=1\">\n        <script src=\"{{cdn '/assets/modernizr-custom.js'}}\" async></script>\n\n        {{{head.scripts}}}\n        {{{head.rsslinks}}}\n\n        {{inject 'themeSettings' theme_settings}}\n        {{inject 'genericError' (lang 'common.generic_error')}}\n        {{inject 'maintenanceMode' settings.maintenance}}\n        {{inject 'urls' urls}}\n        {{{snippet 'htmlhead'}}}\n\n        {{{stylesheet '/assets/css/theme.css'}}}\n        {{{stylesheet '/assets/css/parts-warehouse.css'}}}\n        {{{stylesheet '/assets/css/custom.css'}}}\n        {{ getFontsCollection }}\n\n    </head>\n    <body class=\"main{{#if theme_settings.body_width '===' 960}} nine-sixty{{/if}} {{#if theme_settings.body_width '===' 1170}} eleven-seventy {{/if}} {{#if theme_settings.body_width '===' 1280}} twelve-eighty {{/if}} {{#if theme_settings.body_width '===' 1366}} thirteen-sixty-six {{/if}} {{#if theme_settings.body_width '===' 1440}} fourteen-forty {{/if}}\">\n\n        {{{snippet 'header'}}}\n        <div class=\"icons-svg-sprite\">{{> components/common/icons/icon-defs }}</div>\n\n        {{#if settings.privacy_cookie}}\n            {{> components/common/cookie}}\n        {{/if}}\n\n        {{> components/common/header }}\n        {{> components/common/body }}\n        {{> components/common/footer }}\n\n        <script>window.__webpack_public_path__ = \"{{cdn 'assets/dist/'}}\";</script>\n        <script src=\"{{cdn 'assets/dist/theme-bundle.main.js'}}\"></script>\n\n        <script>\n            // Exported in app.js\n            window.stencilBootstrap(\"{{page_type}}\", {{jsContext}}).load();\n        </script>\n\n        <link rel=\"stylesheet\" href=\"https://ajax.googleapis.com/ajax/libs/jqueryui/1.12.1/themes/smoothness/jquery-ui.min.css\">\n\n        <!-- JS -->\n        <script\n          src=\"https://code.jquery.com/jquery-3.3.1.min.js\"\n          integrity=\"sha256-FgpCb/KJQlLNfOu91ta32o/NMZxltwRo8QtmkMRdAu8=\"\n          crossorigin=\"anonymous\">\n        </script>\n\n        <script src=\"https://ajax.googleapis.com/ajax/libs/webfont/1.6.26/webfont.js\" async></script>\n        <script>\n        // This will make sure WebFont.load is only used in the browser.\n        if (typeof window === 'undefined') {\n\t        var WebFont = require('webfont');\n\t        WebFont.load({\n\t\t      google: {\n\t\t\t      families: ['Roboto:100,100i,300,300i,400,400i,500,500i,700,700i,', 'Roboto+Condensed:300,300i,400,400i,700,700i']\n\t\t        },\n\t        });\n        }\n        </script>\n\n\t        <link href=\"https://cdnjs.cloudflare.com/ajax/libs/fancybox/3.3.5/jquery.fancybox.min.css\">\n          <script src=\"https://cdnjs.cloudflare.com/ajax/libs/fancybox/3.3.5/jquery.fancybox.min.js\"></script>\n          <script src=\"https://ajax.googleapis.com/ajax/libs/jqueryui/1.12.1/jquery-ui.min.js\"></script>\n          <link rel=\"stylesheet\" type=\"text/css\" href=\"https://cdnjs.cloudflare.com/ajax/libs/slick-carousel/1.9.0/slick.min.css\"/>\n          <script type=\"text/javascript\" src=\"https://cdnjs.cloudflare.com/ajax/libs/slick-carousel/1.9.0/slick.min.js\"></script>\n\n        {{{footer.scripts}}}\n        {{{snippet 'footer'}}}\n    </body>\n</html>\n","components/common/search-box":"{{{ snippet \"forms_search\"}}}\n<form class=\"form\"  action=\"{{urls.search}}\">\n    <fieldset class=\"form-fieldset\">\n        <div class=\"form-field\">\n            <label class=\"form-label u-hiddenVisually\" for=\"search_query_adv\">{{lang 'search.results.form_label'}}</label>\n            <div class=\"form-prefixPostfix\">\n                <input class=\"form-input\" id=\"search_query_adv\" name=\"search_query_adv\" value=\"{{forms.search.query}}\">\n                <input class=\"button button--primary form-prefixPostfix-button--postfix\" type=\"submit\" value=\"{{lang 'search.results.form_button_text'}}\">\n            </div>\n        </div>\n    </fieldset>\n</form>\n","components/common/icons/icon-defs":"<svg xmlns=\"http://www.w3.org/2000/svg\"><defs> <path id=\"stumbleupon-path-1\" d=\"M0,0.0749333333 L31.9250667,0.0749333333 L31.9250667,31.984 L0,31.984\"/> </defs><symbol viewBox=\"0 0 24 24\" id=\"icon-add\"><path d=\"M19 13h-6v6h-2v-6H5v-2h6V5h2v6h6v2z\"/></symbol><symbol viewBox=\"0 0 358 512\" id=\"icon-angle-down\"> <path d=\"M180.8,393c-1.6,1.6-4.1,1.6-5.6,0L6,223.8c-1.5-1.5-1.6-4-0.1-5.5l22.7-22.7c1-1,2.1-1.2,2.9-1.2c0.7,0,1.8,0.2,2.7,1.1\n\tl144,143.7l143.8-143.8c1-1,2.1-1.2,2.9-1.2c0.7,0,1.8,0.2,2.7,1.1l22.8,22.7c1.5,1.5,1.6,4,0.1,5.5L180.8,393z\"/> </symbol><symbol viewBox=\"0 0 256 512\" id=\"icon-angle-left\"> <path d=\"M26.6,253.1c-1.6,1.6-1.6,4.1,0,5.6L195.8,428c1.5,1.5,4,1.6,5.5,0.1l22.7-22.7c1-1,1.2-2.1,1.2-2.9c0-0.7-0.2-1.8-1.1-2.7\n\tl-143.7-144l143.8-143.8c1-1,1.2-2.1,1.2-2.9c0-0.7-0.2-1.8-1.1-2.7l-22.7-22.8c-1.5-1.5-4-1.6-5.5-0.1L26.6,253.1z\"/> </symbol><symbol viewBox=\"0 0 256 512\" id=\"icon-angle-right\"> <path d=\"M230.1,253.1c1.6,1.6,1.6,4.1,0,5.6L60.9,428c-1.5,1.5-4,1.6-5.5,0.1l-22.7-22.7c-1-1-1.2-2.1-1.2-2.9\n\tc0-0.7,0.2-1.8,1.1-2.7l143.7-144L32.6,112.1c-1-1-1.2-2.1-1.2-2.9c0-0.7,0.2-1.8,1.1-2.7l22.7-22.8c1.5-1.5,4-1.6,5.5-0.1\n\tL230.1,253.1z\"/> </symbol><symbol viewBox=\"0 0 358 512\" id=\"icon-angle-up\"> <path d=\"M175.3,113.8c1.6-1.6,4.1-1.6,5.6,0l169.2,169.2c1.5,1.5,1.6,4,0.1,5.5l-22.7,22.7c-1,1-2.1,1.2-2.9,1.2\n\tc-0.7,0-1.8-0.2-2.7-1.1L178,167.6L34.3,311.4c-1,1-2.1,1.2-2.9,1.2c-0.7,0-1.8-0.2-2.7-1.1L5.9,288.7c-1.5-1.5-1.6-4-0.1-5.5\n\tL175.3,113.8z\"/> </symbol><symbol viewBox=\"0 0 36 36\" id=\"icon-arrow-down\"> <path d=\"M16.5 6v18.26l-8.38-8.38-2.12 2.12 12 12 12-12-2.12-2.12-8.38 8.38v-18.26h-3z\"/> </symbol><symbol viewBox=\"0 0 12 8\" id=\"icon-chevron-down\"><path d=\"M6 6.174l5.313-4.96.23-.214.457.427-.23.214-5.51 5.146L6.03 7 6 6.972 5.97 7l-.23-.214L.23 1.64 0 1.428.458 1l.23.214L6 6.174z\" stroke-linecap=\"square\" fill-rule=\"evenodd\"/></symbol><symbol viewBox=\"0 0 24 24\" id=\"icon-chevron-left\"><path d=\"M15.41 7.41L14 6l-6 6 6 6 1.41-1.41L10.83 12z\"/></symbol><symbol viewBox=\"0 0 24 24\" id=\"icon-chevron-right\"><path d=\"M10 6L8.59 7.41 13.17 12l-4.58 4.59L10 18l6-6z\"/></symbol><symbol viewBox=\"0 0 24 24\" id=\"icon-close\"><path d=\"M19 6.41L17.59 5 12 10.59 6.41 5 5 6.41 10.59 12 5 17.59 6.41 19 12 13.41 17.59 19 19 17.59 13.41 12z\"/></symbol><symbol viewBox=\"0 0 32 32\" id=\"icon-down-angle\"> <g> <polygon points=\"29.7,11.8 27.2,9.3 16.2,20.3 5.3,9.3 2.8,11.8 13.7,22.8 13.7,22.8 16.2,25.3 16.2,25.3 16.2,25.3 18.7,22.8 \n\t\t18.7,22.8 \t\"/> <path d=\"M16.2,26.1l-3.3-3.3l0,0L2,11.8l3.3-3.3l10.9,10.9L27.2,8.5l3.3,3.3L16.2,26.1z M16.2,24.5L16.2,24.5l12.7-12.7l-1.7-1.7\n\t\tL16.2,21L5.3,10.1l-1.7,1.7l10.9,10.9l0,0L16.2,24.5z\"/> </g> </symbol><symbol viewBox=\"0 0 28 28\" id=\"icon-envelope\"> <path d=\"M0 23.5v-12.406q0.688 0.766 1.578 1.359 5.656 3.844 7.766 5.391 0.891 0.656 1.445 1.023t1.477 0.75 1.719 0.383h0.031q0.797 0 1.719-0.383t1.477-0.75 1.445-1.023q2.656-1.922 7.781-5.391 0.891-0.609 1.563-1.359v12.406q0 1.031-0.734 1.766t-1.766 0.734h-23q-1.031 0-1.766-0.734t-0.734-1.766zM0 6.844q0-1.219 0.648-2.031t1.852-0.812h23q1.016 0 1.758 0.734t0.742 1.766q0 1.234-0.766 2.359t-1.906 1.922q-5.875 4.078-7.313 5.078-0.156 0.109-0.664 0.477t-0.844 0.594-0.812 0.508-0.898 0.422-0.781 0.141h-0.031q-0.359 0-0.781-0.141t-0.898-0.422-0.812-0.508-0.844-0.594-0.664-0.477q-1.422-1-4.094-2.852t-3.203-2.227q-0.969-0.656-1.828-1.805t-0.859-2.133z\"/> </symbol><symbol viewBox=\"0 0 32 32\" id=\"icon-facebook\"> <path d=\"M2.428 0.41c-0.936 0-1.695 0.753-1.695 1.682v27.112c0 0.929 0.759 1.682 1.695 1.682h14.709v-11.802h-4.002v-4.599h4.002v-3.392c0-3.936 2.423-6.080 5.961-6.080 1.695 0 3.152 0.125 3.576 0.181v4.114l-2.454 0.001c-1.924 0-2.297 0.907-2.297 2.239v2.937h4.59l-0.598 4.599h-3.992v11.802h7.826c0.936 0 1.695-0.753 1.695-1.682v-27.112c0-0.929-0.759-1.682-1.695-1.682h-27.321z\"/> </symbol><symbol viewBox=\"0 0 20 28\" id=\"icon-google\"> <path d=\"M1.734 21.156q0-1.266 0.695-2.344t1.852-1.797q2.047-1.281 6.312-1.563-0.5-0.641-0.742-1.148t-0.242-1.148q0-0.625 0.328-1.328-0.719 0.063-1.062 0.063-2.312 0-3.898-1.508t-1.586-3.82q0-1.281 0.562-2.484t1.547-2.047q1.188-1.031 2.844-1.531t3.406-0.5h6.516l-2.141 1.375h-2.063q1.172 0.984 1.766 2.078t0.594 2.5q0 1.125-0.383 2.023t-0.93 1.453-1.086 1.016-0.922 0.961-0.383 1.031q0 0.562 0.5 1.102t1.203 1.062 1.414 1.148 1.211 1.625 0.5 2.219q0 1.422-0.766 2.703-1.109 1.906-3.273 2.805t-4.664 0.898q-2.063 0-3.852-0.648t-2.695-2.148q-0.562-0.922-0.562-2.047zM4.641 20.438q0 0.875 0.367 1.594t0.953 1.18 1.359 0.781 1.563 0.453 1.586 0.133q0.906 0 1.742-0.203t1.547-0.609 1.141-1.141 0.43-1.703q0-0.391-0.109-0.766t-0.227-0.656-0.422-0.648-0.461-0.547-0.602-0.539-0.57-0.453-0.648-0.469-0.57-0.406q-0.25-0.031-0.766-0.031-0.828 0-1.633 0.109t-1.672 0.391-1.516 0.719-1.070 1.164-0.422 1.648zM6.297 4.906q0 0.719 0.156 1.523t0.492 1.609 0.812 1.445 1.172 1.047 1.508 0.406q0.578 0 1.211-0.258t1.023-0.68q0.828-0.875 0.828-2.484 0-0.922-0.266-1.961t-0.75-2.016-1.313-1.617-1.828-0.641q-0.656 0-1.289 0.305t-1.039 0.82q-0.719 0.922-0.719 2.5z\"/> </symbol><symbol viewBox=\"0 0 43.2 32\" id=\"icon-gplus-one\"> <style type=\"text/css\"> .st0{fill:#4D4D4D;} </style> <path class=\"st0\" d=\"M40.2,2.1h-36c-1.1,0-2,0.9-2,2v25c0,1.1,0.9,2,2,2h36c1.1,0,2-0.9,2-2v-25C42.2,3,41.3,2.1,40.2,2.1z\n\t M20.5,21.4c-2,2.8-6,3.6-9.1,2.4c-3.1-1.2-5.3-4.5-5.1-7.9c0.1-4.1,3.9-7.7,8-7.6c2-0.1,3.8,0.8,5.3,2c-0.6,0.7-1.3,1.4-2,2.1\n\tc-1.8-1.3-4.4-1.6-6.2-0.2c-2.6,1.8-2.7,6-0.2,8c2.4,2.2,7,1.1,7.7-2.3c-1.5,0-3,0-4.6,0c0-0.9,0-1.8,0-2.7c2.5,0,5.1,0,7.6,0\n\tC22.1,17.4,21.8,19.7,20.5,21.4z M31.5,17.5c-0.8,0-1.5,0-2.3,0c0,0.8,0,1.5,0,2.3c-0.8,0-1.5,0-2.3,0c0-0.8,0-1.5,0-2.3\n\tc-0.8,0-1.5,0-2.3,0c0-0.8,0-1.5,0-2.3c0.8,0,1.5,0,2.3,0c0-0.8,0-1.5,0-2.3c0.8,0,1.5,0,2.3,0c0,0.8,0,1.5,0,2.3c0.8,0,1.5,0,2.3,0\n\tC31.5,16,31.5,16.8,31.5,17.5z M37.8,23h-2.4V12.8h-2.6l1.4-2.2h3.6V23z\"/> </symbol><symbol viewBox=\"0 0 612 792\" id=\"icon-grid\"> <rect x=\"111.5\" y=\"188.752\" width=\"109.48\" height=\"109.495\"/> <rect x=\"111.5\" y=\"331.749\" width=\"109.48\" height=\"109.509\"/> <rect x=\"111.5\" y=\"474.773\" width=\"109.48\" height=\"109.469\"/> <rect x=\"250.333\" y=\"188.752\" width=\"109.495\" height=\"109.495\"/> <rect x=\"250.333\" y=\"331.79\" width=\"109.495\" height=\"109.468\"/> <rect x=\"250.333\" y=\"474.773\" width=\"109.495\" height=\"109.469\"/> <rect x=\"389.168\" y=\"188.752\" width=\"109.497\" height=\"109.495\"/> <rect x=\"389.168\" y=\"331.749\" width=\"109.497\" height=\"109.509\"/> <rect x=\"389.168\" y=\"474.773\" width=\"109.497\" height=\"109.469\"/> </symbol><symbol viewBox=\"0 0 32 32\" id=\"icon-instagram\"> <path d=\"M25.522709,13.5369502 C25.7256898,14.3248434 25.8455558,15.1480745 25.8455558,15.9992932 C25.8455558,21.4379334 21.4376507,25.8455558 15.9998586,25.8455558 C10.5623493,25.8455558 6.15416148,21.4379334 6.15416148,15.9992932 C6.15416148,15.1480745 6.27459295,14.3248434 6.4775737,13.5369502 L3.6915357,13.5369502 L3.6915357,27.0764447 C3.6915357,27.7552145 4.24280653,28.3062027 4.92355534,28.3062027 L27.0764447,28.3062027 C27.7571935,28.3062027 28.3084643,27.7552145 28.3084643,27.0764447 L28.3084643,13.5369502 L25.522709,13.5369502 Z M27.0764447,3.6915357 L23.384909,3.6915357 C22.7050083,3.6915357 22.1543028,4.24280653 22.1543028,4.92214183 L22.1543028,8.61509104 C22.1543028,9.29442633 22.7050083,9.84569717 23.384909,9.84569717 L27.0764447,9.84569717 C27.7571935,9.84569717 28.3084643,9.29442633 28.3084643,8.61509104 L28.3084643,4.92214183 C28.3084643,4.24280653 27.7571935,3.6915357 27.0764447,3.6915357 Z M9.84597988,15.9992932 C9.84597988,19.3976659 12.6009206,22.1537374 15.9998586,22.1537374 C19.3987967,22.1537374 22.1543028,19.3976659 22.1543028,15.9992932 C22.1543028,12.6003551 19.3987967,9.84569717 15.9998586,9.84569717 C12.6009206,9.84569717 9.84597988,12.6003551 9.84597988,15.9992932 Z M3.6915357,31.9997173 C1.65296441,31.9997173 0,30.3461875 0,28.3062027 L0,3.6915357 C0,1.6526817 1.65296441,0 3.6915357,0 L28.3084643,0 C30.3473183,0 32,1.6526817 32,3.6915357 L32,28.3062027 C32,30.3461875 30.3473183,31.9997173 28.3084643,31.9997173 L3.6915357,31.9997173 Z\" id=\"instagram-Imported-Layers\" sketch:type=\"MSShapeGroup\"/> </symbol><symbol viewBox=\"0 0 24 24\" id=\"icon-keyboard-arrow-down\"><path d=\"M7.41 7.84L12 12.42l4.59-4.58L18 9.25l-6 6-6-6z\"/></symbol><symbol viewBox=\"0 0 24 24\" id=\"icon-keyboard-arrow-up\"><path d=\"M7.41 15.41L12 10.83l4.59 4.58L18 14l-6-6-6 6z\"/></symbol><symbol viewBox=\"0 0 32 32\" id=\"icon-linkedin\"> <path d=\"M27.2684444,27.2675556 L22.5226667,27.2675556 L22.5226667,19.8408889 C22.5226667,18.0702222 22.4924444,15.792 20.0568889,15.792 C17.5866667,15.792 17.2097778,17.7217778 17.2097778,19.7146667 L17.2097778,27.2675556 L12.4693333,27.2675556 L12.4693333,11.9964444 L17.0186667,11.9964444 L17.0186667,14.0844444 L17.0844444,14.0844444 C17.7173333,12.8835556 19.2657778,11.6177778 21.5742222,11.6177778 C26.3804444,11.6177778 27.2684444,14.7795556 27.2684444,18.8924444 L27.2684444,27.2675556 L27.2684444,27.2675556 Z M7.11822222,9.91022222 C5.59377778,9.91022222 4.36444444,8.67733333 4.36444444,7.15733333 C4.36444444,5.63822222 5.59377778,4.40533333 7.11822222,4.40533333 C8.63644444,4.40533333 9.86844444,5.63822222 9.86844444,7.15733333 C9.86844444,8.67733333 8.63644444,9.91022222 7.11822222,9.91022222 L7.11822222,9.91022222 Z M4.74133333,11.9964444 L9.49244444,11.9964444 L9.49244444,27.2675556 L4.74133333,27.2675556 L4.74133333,11.9964444 Z M29.632,0 L2.36,0 C1.05777778,0 0,1.03288889 0,2.30755556 L0,29.6906667 C0,30.9653333 1.05777778,32 2.36,32 L29.632,32 C30.9368889,32 31.9991111,30.9653333 31.9991111,29.6906667 L31.9991111,2.30755556 C31.9991111,1.03288889 30.9368889,0 29.632,0 L29.632,0 Z\" id=\"linkedin-Fill-4\"/> </symbol><symbol viewBox=\"0 0 612 792\" id=\"icon-list\"> <rect x=\"125.876\" y=\"189.126\" width=\"109.226\" height=\"109.239\"/> <rect x=\"268.539\" y=\"189.126\" width=\"243.461\" height=\"109.239\"/> <rect x=\"125.876\" y=\"331.789\" width=\"109.226\" height=\"109.253\"/> <rect x=\"268.539\" y=\"331.789\" width=\"243.461\" height=\"109.253\"/> <rect x=\"125.876\" y=\"474.479\" width=\"109.226\" height=\"109.212\"/> <rect x=\"268.539\" y=\"474.479\" width=\"243.461\" height=\"109.212\"/> </symbol><symbol viewBox=\"0 0 70 32\" id=\"icon-logo-american-express\"> <path d=\"M69.102 17.219l0.399 9.094c-0.688 0.313-3.285 1.688-4.26 1.688h-4.788v-0.656c-0.546 0.438-1.549 0.656-2.467 0.656h-15.053v-2.466c0-0.344-0.057-0.344-0.345-0.344h-0.257v2.81h-4.961v-2.924c-0.832 0.402-1.749 0.402-2.581 0.402h-0.544v2.523h-6.050l-1.434-1.656-1.577 1.656h-9.72v-10.781h9.892l1.405 1.663 1.548-1.663h6.652c0.775 0 2.037 0.115 2.581 0.66v-0.66h5.936c0.602 0 1.749 0.115 2.523 0.66v-0.66h8.946v0.66c0.516-0.43 1.433-0.66 2.265-0.66h4.988v0.66c0.546-0.372 1.32-0.66 2.323-0.66h4.578zM34.905 23.871c1.577 0 3.183-0.43 3.183-2.581 0-2.093-1.635-2.523-3.069-2.523h-5.878l-2.38 2.523-2.236-2.523h-7.427v7.67h7.312l2.351-2.509 2.266 2.509h3.556v-2.566h2.322zM46.001 23.556c-0.172-0.23-0.487-0.516-0.946-0.66 0.516-0.172 1.318-0.832 1.318-2.036 0-0.889-0.315-1.377-0.917-1.721-0.602-0.315-1.319-0.372-2.266-0.372h-4.215v7.67h1.864v-2.796h1.978c0.66 0 1.032 0.058 1.319 0.344 0.316 0.373 0.316 1.032 0.316 1.548v0.903h1.836v-1.477c0-0.688-0.058-1.032-0.288-1.405zM53.571 20.373v-1.605h-6.136v7.67h6.136v-1.563h-4.33v-1.549h4.244v-1.548h-4.244v-1.405h4.33zM58.245 26.438c1.864 0 2.926-0.759 2.926-2.393 0-0.774-0.23-1.262-0.545-1.664-0.459-0.372-1.119-0.602-2.151-0.602h-1.004c-0.258 0-0.487-0.057-0.717-0.115-0.201-0.086-0.373-0.258-0.373-0.545 0-0.258 0.058-0.43 0.287-0.602 0.143-0.115 0.373-0.115 0.717-0.115h3.383v-1.634h-3.671c-1.978 0-2.638 1.204-2.638 2.294 0 2.438 2.151 2.322 3.842 2.38 0.344 0 0.544 0.058 0.66 0.173 0.115 0.086 0.23 0.315 0.23 0.544 0 0.201-0.115 0.373-0.23 0.488-0.173 0.115-0.373 0.172-0.717 0.172h-3.555v1.62h3.555zM65.442 26.439c1.864 0 2.924-0.76 2.924-2.394 0-0.774-0.229-1.262-0.544-1.664-0.459-0.372-1.119-0.602-2.151-0.602h-1.003c-0.258 0-0.488-0.057-0.718-0.115-0.201-0.086-0.373-0.258-0.373-0.545 0-0.258 0.115-0.43 0.287-0.602 0.144-0.115 0.373-0.115 0.717-0.115h3.383v-1.634h-3.671c-1.921 0-2.638 1.204-2.638 2.294 0 2.438 2.151 2.322 3.842 2.38 0.344 0 0.544 0.058 0.66 0.174 0.115 0.086 0.229 0.315 0.229 0.544 0 0.201-0.114 0.373-0.229 0.488s-0.373 0.172-0.717 0.172h-3.556v1.62h3.556zM43.966 20.518c0.23 0.115 0.373 0.344 0.373 0.659 0 0.344-0.143 0.602-0.373 0.774-0.287 0.115-0.545 0.115-0.889 0.115l-2.237 0.058v-1.749h2.237c0.344 0 0.659 0 0.889 0.143zM36.108 8.646c-0.287 0.172-0.544 0.172-0.918 0.172h-2.265v-1.692h2.265c0.316 0 0.688 0 0.918 0.114 0.23 0.144 0.344 0.374 0.344 0.718 0 0.315-0.114 0.602-0.344 0.689zM50.789 6.839l1.262 3.039h-2.523zM30.775 25.792l-2.838-3.183 2.838-3.011v6.193zM35.019 20.373c0.66 0 1.090 0.258 1.090 0.918s-0.43 1.032-1.090 1.032h-2.437v-1.95h2.437zM5.773 9.878l1.291-3.039 1.262 3.039h-2.552zM18.905 20.372l4.616 0 2.036 2.237-2.093 2.265h-4.559v-1.549h4.071v-1.548h-4.071v-1.405zM19.077 13.376l-0.545 1.377h-3.24l-0.546-1.319v1.319h-6.222l-0.66-1.749h-1.577l-0.717 1.749h-5.572l2.389-5.649 2.237-5.104h4.789l0.659 1.262v-1.262h5.591l1.262 2.724 1.233-2.724h17.835c0.832 0 1.548 0.143 2.093 0.602v-0.602h4.903v0.602c0.803-0.459 1.864-0.602 3.068-0.602h7.082l0.66 1.262v-1.262h5.218l0.775 1.262v-1.262h5.103v10.753h-5.161l-1.003-1.635v1.635h-6.423l-0.717-1.749h-1.577l-0.717 1.749h-3.355c-1.318 0-2.294-0.316-2.954-0.659v0.659h-7.971v-2.466c0-0.344-0.057-0.402-0.286-0.402h-0.258v2.867h-15.398v-1.377zM43.363 6.409c-0.832 0.831-0.975 1.864-1.004 3.011 0 1.377 0.344 2.266 0.947 2.925 0.659 0.66 1.806 0.86 2.695 0.86h2.151l0.716-1.692h3.843l0.717 1.692h3.727v-5.763l3.47 5.763h2.638v-7.684h-1.892v5.333l-3.24-5.333h-2.839v7.254l-3.096-7.254h-2.724l-2.638 6.050h-0.832c-0.487 0-1.003-0.115-1.262-0.373-0.344-0.402-0.488-1.004-0.488-1.836 0-0.803 0.144-1.405 0.488-1.748 0.373-0.316 0.774-0.431 1.434-0.431h1.749v-1.663h-1.749c-1.262 0-2.265 0.286-2.81 0.889zM39.579 5.52v7.684h1.863v-7.684h-1.863zM31.12 5.52l-0 7.685h1.806v-2.781h1.979c0.66 0 1.090 0.057 1.376 0.315 0.316 0.401 0.258 1.061 0.258 1.491v0.975h1.892v-1.519c0-0.66-0.057-1.004-0.344-1.377-0.172-0.229-0.487-0.488-0.889-0.659 0.516-0.23 1.319-0.832 1.319-2.036 0-0.889-0.373-1.377-0.976-1.75-0.602-0.344-1.262-0.344-2.208-0.344h-4.215zM23.636 5.521v7.685h6.165v-1.577h-4.301v-1.549h4.244v-1.577h-4.244v-1.377h4.301v-1.606h-6.165zM16.124 13.205h1.577l2.695-6.021v6.021h1.864v-7.684h-3.011l-2.265 5.219-2.409-5.219h-2.953v7.254l-3.154-7.254h-2.724l-3.297 7.684h1.978l0.688-1.692h3.871l0.688 1.692h3.756v-6.021z\"/> </symbol><symbol viewBox=\"0 0 95 32\" id=\"icon-logo-discover\"> <path d=\"M50.431 8.059c4.546 0 8.092 3.49 8.092 7.936 0 4.471-3.571 7.961-8.093 7.961-4.638 0-8.115-3.444-8.115-8.051 0-4.334 3.635-7.845 8.115-7.845zM4.362 8.345c4.811 0 8.168 3.133 8.168 7.64 0 2.247-1.028 4.422-2.761 5.864-1.461 1.214-3.126 1.761-5.429 1.761h-4.339v-15.265h4.362zM7.832 19.81c1.027-0.912 1.639-2.379 1.639-3.847 0-1.464-0.612-2.882-1.639-3.798-0.984-0.892-2.146-1.235-4.065-1.235h-0.797v10.096h0.797c1.919 0 3.127-0.367 4.065-1.216zM13.9 23.611v-15.265h2.965v15.265h-2.965zM24.123 14.201c3.378 1.238 4.379 2.338 4.379 4.764 0 2.952-2.166 5.015-5.247 5.015-2.261 0-3.904-0.896-5.271-2.907l1.914-1.856c0.685 1.328 1.825 2.036 3.24 2.036 1.325 0 2.308-0.915 2.308-2.152 0-0.641-0.298-1.189-0.891-1.578-0.297-0.187-0.889-0.46-2.054-0.87-2.784-1.010-3.742-2.085-3.742-4.192 0-2.493 2.055-4.371 4.745-4.371 1.667 0 3.196 0.571 4.473 1.696l-1.549 2.033c-0.778-0.867-1.508-1.233-2.398-1.233-1.28 0-2.213 0.732-2.213 1.694 0 0.821 0.525 1.258 2.307 1.921zM29.438 15.986c0-4.436 3.605-7.985 8.101-7.985 1.278 0 2.352 0.273 3.653 0.935v3.504c-1.233-1.213-2.308-1.717-3.72-1.717-2.787 0-4.976 2.313-4.976 5.241 0 3.092 2.123 5.267 5.112 5.267 1.347 0 2.397-0.48 3.585-1.671v3.504c-1.347 0.638-2.443 0.892-3.72 0.892-4.519 0-8.034-3.478-8.034-7.97zM65.239 18.601l4.11-10.254h3.216l-6.573 15.655h-1.596l-6.46-15.655h3.24zM73.914 23.612v-15.265h8.418v2.585h-5.453v3.388h5.244v2.585h-5.244v4.123h5.453v2.584h-8.418zM94.081 12.852c0 2.336-1.23 3.87-3.469 4.329l4.794 6.43h-3.651l-4.105-6.135h-0.388v6.135h-2.969v-15.265h4.404c3.425 0 5.384 1.645 5.384 4.506zM88.125 15.372c1.9 0 2.903-0.827 2.903-2.359 0-1.486-1.004-2.266-2.856-2.266h-0.911v4.626h0.863z\"/> </symbol><symbol viewBox=\"0 0 54 32\" id=\"icon-logo-mastercard\"> <path d=\"M48.366 15.193c0.6 0 0.9 0.437 0.9 1.282 0 1.281-0.546 2.209-1.337 2.209-0.6 0-0.9-0.436-0.9-1.31 0-1.281 0.573-2.182 1.337-2.182zM38.276 18.275c0-0.655 0.491-1.009 1.472-1.009 0.109 0 0.191 0.027 0.382 0.027-0.027 0.982-0.545 1.636-1.227 1.636-0.382 0-0.628-0.245-0.628-0.655zM26.278 15.848c0 0.082-0 0.192-0 0.327h-1.909c0.164-0.763 0.545-1.173 1.091-1.173 0.518 0 0.818 0.3 0.818 0.845zM38.060 0.002c8.838 0 16.003 7.165 16.003 16.002s-7.165 15.999-16.003 15.999c-3.834 0-7.324-1.344-10.080-3.594 2.102-2.031 3.707-4.567 4.568-7.44h-1.33c-0.833 2.553-2.297 4.807-4.199 6.627-1.892-1.816-3.342-4.078-4.172-6.62h-1.33c0.858 2.856 2.435 5.401 4.521 7.432-2.749 2.219-6.223 3.594-10.036 3.594-8.837 0-16.002-7.163-16.002-15.999s7.164-16.001 16.002-16.001c3.814 0 7.287 1.377 10.036 3.603-2.087 2.023-3.664 4.568-4.521 7.424h1.33c0.83-2.542 2.28-4.804 4.172-6.607 1.903 1.808 3.367 4.060 4.199 6.614h1.33c-0.861-2.872-2.466-5.413-4.568-7.443 2.757-2.249 6.246-3.592 10.080-3.592zM7.217 20.213h1.691l1.336-8.044h-2.672l-1.637 4.99-0.082-4.99h-2.454l-1.336 8.044h1.582l1.037-6.135 0.136 6.135h1.173l2.209-6.189zM14.47 19.477l0.054-0.408 0.382-2.318c0.109-0.736 0.136-0.982 0.136-1.309 0-1.254-0.791-1.909-2.263-1.909-0.627 0-1.2 0.082-2.045 0.327l-0.246 1.473 0.163-0.028 0.246-0.081c0.382-0.109 0.928-0.164 1.418-0.164 0.79 0 1.091 0.164 1.091 0.6 0 0.109 0 0.191-0.055 0.409-0.273-0.027-0.518-0.054-0.709-0.054-1.909 0-2.999 0.927-2.999 2.536 0 1.064 0.627 1.773 1.554 1.773 0.791 0 1.364-0.246 1.8-0.791l-0.027 0.682h1.418l0.027-0.164 0.027-0.246zM17.988 16.314c-0.736-0.327-0.819-0.409-0.819-0.709 0-0.355 0.3-0.519 0.845-0.519 0.328 0 0.791 0.028 1.227 0.082l0.246-1.5c-0.436-0.082-1.118-0.137-1.5-0.137-1.909 0-2.59 1.009-2.563 2.208 0 0.818 0.382 1.391 1.282 1.828 0.709 0.327 0.818 0.436 0.818 0.709 0 0.409-0.3 0.6-0.982 0.6-0.518 0-0.982-0.082-1.527-0.245l-0.246 1.5 0.082 0.027 0.3 0.054c0.109 0.027 0.246 0.055 0.464 0.055 0.382 0.054 0.709 0.054 0.928 0.054 1.8 0 2.645-0.682 2.645-2.181 0-0.9-0.354-1.418-1.2-1.828zM21.75 18.741c-0.409 0-0.573-0.136-0.573-0.464 0-0.082 0-0.164 0.027-0.273l0.463-2.726h0.873l0.218-1.609h-0.873l0.191-0.982h-1.691l-0.737 4.472-0.082 0.518-0.109 0.654c-0.027 0.191-0.055 0.409-0.055 0.573 0 0.954 0.491 1.445 1.364 1.445 0.382 0 0.764-0.055 1.227-0.218l0.218-1.445c-0.109 0.054-0.273 0.054-0.464 0.054zM25.732 18.851c-0.982 0-1.5-0.381-1.5-1.145 0-0.055 0-0.109 0.027-0.191h3.382c0.163-0.682 0.218-1.145 0.218-1.636 0-1.446-0.9-2.373-2.318-2.373-1.718 0-2.973 1.663-2.973 3.899 0 1.936 0.982 2.945 2.89 2.945 0.628 0 1.173-0.082 1.773-0.273l0.273-1.636c-0.6 0.3-1.145 0.409-1.773 0.409zM31.158 15.524h0.109c0.164-0.79 0.382-1.363 0.655-1.881l-0.055-0.027h-0.164c-0.573 0-0.9 0.273-1.418 1.064l0.164-1.009h-1.554l-1.064 6.544h1.718c0.627-4.008 0.791-4.69 1.609-4.69zM36.122 20.133l0.3-1.827c-0.545 0.273-1.036 0.409-1.445 0.409-1.009 0-1.609-0.737-1.609-1.963 0-1.773 0.9-3.027 2.182-3.027 0.491 0 0.928 0.136 1.528 0.436l0.3-1.745c-0.163-0.054-0.218-0.082-0.436-0.163l-0.682-0.164c-0.218-0.054-0.491-0.082-0.791-0.082-2.263 0-3.845 2.018-3.845 4.88 0 2.155 1.146 3.491 3 3.491 0.463 0 0.872-0.082 1.5-0.246zM41.521 19.069l0.355-2.318c0.136-0.736 0.136-0.982 0.136-1.309 0-1.254-0.763-1.909-2.236-1.909-0.627 0-1.2 0.082-2.045 0.327l-0.246 1.473 0.164-0.028 0.218-0.081c0.382-0.109 0.955-0.164 1.446-0.164 0.791 0 1.091 0.164 1.091 0.6 0 0.109-0.027 0.191-0.082 0.409-0.246-0.027-0.491-0.054-0.682-0.054-1.909 0-3 0.927-3 2.536 0 1.064 0.627 1.773 1.555 1.773 0.791 0 1.363-0.246 1.8-0.791l-0.028 0.682h1.418v-0.164l0.027-0.246 0.054-0.327zM43.648 20.214c0.627-4.008 0.791-4.69 1.608-4.69h0.109c0.164-0.79 0.382-1.363 0.655-1.881l-0.055-0.027h-0.164c-0.572 0-0.9 0.273-1.418 1.064l0.164-1.009h-1.554l-1.037 6.544h1.691zM48.829 20.214l1.608 0 1.309-8.044h-1.691l-0.382 2.291c-0.464-0.6-0.955-0.9-1.637-0.9-1.5 0-2.782 1.854-2.782 4.035 0 1.636 0.818 2.7 2.073 2.7 0.627 0 1.118-0.218 1.582-0.709zM11.306 18.279c0-0.655 0.492-1.009 1.447-1.009 0.136 0 0.218 0.027 0.382 0.027-0.027 0.982-0.518 1.636-1.228 1.636-0.382 0-0.6-0.245-0.6-0.655z\"/> </symbol><symbol viewBox=\"0 0 57 32\" id=\"icon-logo-paypal\"> <path d=\"M47.11 10.477c2.211-0.037 4.633 0.618 4.072 3.276l-1.369 6.263h-3.159l0.211-0.947c-1.72 1.712-6.038 1.821-5.335-2.111 0.491-2.294 2.878-3.023 6.423-3.023 0.246-1.020-0.457-1.274-1.65-1.238s-2.633 0.437-3.089 0.655l0.281-2.293c0.913-0.182 2.106-0.583 3.615-0.583zM47.32 16.885c0.069-0.291 0.106-0.547 0.176-0.838h-0.773c-0.596 0-1.579 0.146-1.931 0.765-0.456 0.728 0.177 1.348 0.878 1.311 0.807-0.037 1.474-0.401 1.65-1.238zM53.883 8h3.242l-2.646 12.016h-3.209zM39.142 8.037c1.689 0 3.729 1.274 3.131 4.077-0.528 2.476-2.498 3.933-4.89 3.933h-2.428l-0.879 3.969h-3.412l2.603-11.979h5.874zM39.037 12.114c0.211-0.911-0.317-1.638-1.197-1.638h-1.689l-0.704 3.277h1.583c0.88 0 1.795-0.728 2.006-1.638zM16.346 10.476c2.184-0.037 4.611 0.618 4.056 3.276l-1.352 6.262h-3.155l0.208-0.947c-1.664 1.712-5.929 1.821-5.235-2.111 0.486-2.294 2.844-3.023 6.345-3.023 0.208-1.020-0.485-1.274-1.664-1.238s-2.601 0.437-3.017 0.655l0.277-2.293c0.867-0.182 2.046-0.583 3.537-0.583zM16.589 16.885c0.035-0.291 0.104-0.547 0.173-0.838h-0.797c-0.555 0-1.525 0.146-1.872 0.765-0.451 0.728 0.138 1.348 0.832 1.311 0.797-0.037 1.491-0.401 1.664-1.238zM28.528 10.648l3.255-0-7.496 13.351h-3.528l2.306-3.925-1.289-9.426h3.156l0.508 5.579zM8.499 8.036c1.728 0 3.738 1.274 3.139 4.077-0.529 2.476-2.504 3.933-4.867 3.933h-2.468l-0.847 3.969h-3.456l2.609-11.979h5.89zM8.393 12.114c0.247-0.911-0.317-1.638-1.164-1.638h-1.693l-0.741 3.277h1.623c0.882 0 1.763-0.728 1.975-1.638z\"/> </symbol><symbol viewBox=\"0 0 49 32\" id=\"icon-logo-visa\"> <path d=\"M14.059 10.283l4.24-0-6.302 15.472-4.236 0.003-3.259-12.329c2.318 0.952 4.379 3.022 5.219 5.275l0.42 2.148zM17.416 25.771l2.503-15.501h4.001l-2.503 15.501h-4.002zM31.992 16.494c2.31 1.106 3.375 2.444 3.362 4.211-0.032 3.217-2.765 5.295-6.97 5.295-1.796-0.020-3.526-0.394-4.459-0.826l0.56-3.469 0.515 0.246c1.316 0.579 2.167 0.814 3.769 0.814 1.151 0 2.385-0.476 2.396-1.514 0.007-0.679-0.517-1.165-2.077-1.924-1.518-0.74-3.53-1.983-3.505-4.211 0.024-3.012 2.809-5.116 6.765-5.116 1.55 0 2.795 0.339 3.586 0.651l-0.542 3.36-0.359-0.178c-0.74-0.314-1.687-0.617-2.995-0.595-1.568 0-2.293 0.689-2.293 1.333-0.010 0.728 0.848 1.204 2.246 1.923zM46.199 10.285l3.239 15.49h-3.714s-0.368-1.782-0.488-2.322c-0.583 0-4.667-0.008-5.125-0.008-0.156 0.42-0.841 2.331-0.841 2.331h-4.205l5.944-14.205c0.419-1.011 1.138-1.285 2.097-1.285h3.093zM41.263 20.274c0.781 0 2.698 0 3.322 0-0.159-0.775-0.927-4.474-0.927-4.474l-0.27-1.337c-0.202 0.581-0.554 1.52-0.531 1.479 0 0-1.262 3.441-1.594 4.332zM9.723 18.702c-1.648-4.573-5.284-6.991-9.723-8.109l0.053-0.322h6.453c0.87 0.034 1.573 0.326 1.815 1.308z\"/> </symbol><symbol viewBox=\"0 0 34 32\" id=\"icon-pinterest\"> <path d=\"M1.356 15.647c0 6.24 3.781 11.6 9.192 13.957-0.043-1.064-0.008-2.341 0.267-3.499 0.295-1.237 1.976-8.303 1.976-8.303s-0.491-0.973-0.491-2.411c0-2.258 1.319-3.945 2.962-3.945 1.397 0 2.071 1.041 2.071 2.288 0 1.393-0.895 3.477-1.356 5.408-0.385 1.616 0.817 2.935 2.424 2.935 2.909 0 4.869-3.708 4.869-8.101 0-3.34-2.267-5.839-6.39-5.839-4.658 0-7.56 3.447-7.56 7.297 0 1.328 0.394 2.264 1.012 2.989 0.284 0.333 0.324 0.467 0.221 0.849-0.074 0.28-0.243 0.955-0.313 1.223-0.102 0.386-0.417 0.524-0.769 0.381-2.145-0.869-3.145-3.201-3.145-5.822 0-4.329 3.679-9.519 10.975-9.519 5.863 0 9.721 4.21 9.721 8.729 0 5.978-3.349 10.443-8.285 10.443-1.658 0-3.217-0.889-3.751-1.899 0 0-0.892 3.511-1.080 4.189-0.325 1.175-0.963 2.349-1.546 3.264 1.381 0.405 2.84 0.625 4.352 0.625 8.48 0 15.355-6.822 15.355-15.238s-6.876-15.238-15.355-15.238c-8.48 0-15.356 6.822-15.356 15.238z\"/> </symbol><symbol viewBox=\"0 0 26 28\" id=\"icon-print\"> <path d=\"M0 21.5v-6.5q0-1.234 0.883-2.117t2.117-0.883h1v-8.5q0-0.625 0.438-1.062t1.062-0.438h10.5q0.625 0 1.375 0.313t1.188 0.75l2.375 2.375q0.438 0.438 0.75 1.188t0.313 1.375v4h1q1.234 0 2.117 0.883t0.883 2.117v6.5q0 0.203-0.148 0.352t-0.352 0.148h-3.5v2.5q0 0.625-0.438 1.062t-1.062 0.438h-15q-0.625 0-1.062-0.438t-0.438-1.062v-2.5h-3.5q-0.203 0-0.352-0.148t-0.148-0.352zM6 24h14v-4h-14v4zM6 14h14v-6h-2.5q-0.625 0-1.062-0.438t-0.438-1.062v-2.5h-10v10zM22 15q0 0.406 0.297 0.703t0.703 0.297 0.703-0.297 0.297-0.703-0.297-0.703-0.703-0.297-0.703 0.297-0.297 0.703z\"/> </symbol><symbol viewBox=\"0 0 24 24\" id=\"icon-remove\"><path d=\"M19 13H5v-2h14v2z\"/></symbol><symbol viewBox=\"0 0 32 32\" id=\"icon-rss\"> <path d=\"M-0.465347858,2.01048219 C-0.465347858,2.01048219 28.7009958,0.574406533 31,31.3201126 L25.1092027,31.3201126 C25.1092027,31.3201126 26.2597741,8.90749482 -0.465347858,6.89506416 L-0.465347858,2.01048219 L-0.465347858,2.01048219 Z M-0.465347858,12.2127144 C-0.465347858,12.2127144 16.6328276,11.6363594 19.9369779,31.3201126 L14.0472499,31.3201126 C14.0472499,31.3201126 13.3297467,19.6839434 -0.465347858,17.0940884 L-0.465347858,12.2127144 L-0.465347858,12.2127144 Z M2.73614917,25.0304648 C4.79776783,25.0304648 6.47229834,26.7007181 6.47229834,28.766614 C6.47229834,30.8282326 4.79776783,32.5016938 2.73614917,32.5016938 C0.6723919,32.5016938 -1,30.8293019 -1,28.766614 C-1,26.7017874 0.6723919,25.0304648 2.73614917,25.0304648 Z\" id=\"rss-Shape\"/> </symbol><symbol viewBox=\"0 0 26 28\" id=\"icon-star-original\"> <path d=\"M0,10.1c0-0.4,0.3-0.6,0.9-0.7L9,9.5l3.2-8.4c0.2-0.4,0.5-0.6,0.8-0.6c0.3,0,0.6,0.2,0.8,0.6L17,9.4l8.1,0\n\tc0.6,0.1,0.9,0.3,0.9,0.7c0,0.2-0.1,0.5-0.4,0.8l-7,5.6l2.7,7.8c0,0.1,0,0.2,0,0.3c0,0.2-0.1,0.4-0.2,0.6s-0.3,0.2-0.5,0.2\n\tc-0.2,0-0.4-0.1-0.6-0.2l-7-3.7l-7,3.7c-0.2,0.1-0.4,0.2-0.6,0.2c-0.2,0-0.4-0.1-0.5-0.2c-0.1-0.2-0.2-0.3-0.2-0.6\n\tc0-0.1,0-0.2,0-0.3l2.8-7.8l-7.2-5.6C0.1,10.6,0,10.3,0,10.1L0,10.1z\"/> </symbol><symbol viewBox=\"0 0 1045.81 994.62\" id=\"icon-star\"><polygon points=\"522.9 0 646.35 379.91 1045.81 379.91 722.64 614.71 846.08 994.62 522.9 759.83 199.73 994.62 323.17 614.71 0 379.91 399.46 379.91 522.9 0\"/></symbol><symbol viewBox=\"0 0 32 32\" id=\"icon-stumbleupon\">  <mask id=\"stumbleupon-mask-2\" sketch:name=\"Clip 2\"> <use xlink:href=\"#stumbleupon-path-1\"/> </mask> <path d=\"M31.9250667,16.0373333 C31.9250667,24.8533333 24.7784,32 15.9624,32 C7.14666667,32 0,24.8533333 0,16.0373333 C0,7.2216 7.14666667,0.0749333333 15.9624,0.0749333333 C24.7784,0.0749333333 31.9250667,7.2216 31.9250667,16.0373333 Z M21.9205547,16.3600826 L21.9205547,18.9857015 C21.9205547,19.5214765 21.494073,19.9558236 20.968,19.9558236 C20.441927,19.9558236 20.0154453,19.5214765 20.0154453,18.9857015 L20.0154453,16.4101275 L18.1823358,16.9675798 L16.9525547,16.3839008 L16.9525547,18.9383327 C16.9717372,21.1844666 18.7659562,23 20.976146,23 C23.1984234,23 25,21.1651979 25,18.9019364 L25,16.3600826 L21.9205547,16.3600826 Z M16.9525547,14.2429415 L18.1823358,14.8266205 L20.0154453,14.2691683 L20.0154453,12.9736203 C19.9505401,10.7684323 18.1810219,9 16,9 C13.8268613,9 12.0618102,10.7555866 11.9845547,12.9492669 L11.9845547,18.8684839 C11.9845547,19.404259 11.558073,19.8386061 11.032,19.8386061 C10.505927,19.8386061 10.0794453,19.404259 10.0794453,18.8684839 L10.0794453,16.3600826 L7,16.3600826 L7,18.9019364 C7,21.1651979 8.80131387,23 11.0235912,23 C13.2264234,23 15.0119708,21.1965095 15.0429781,18.9608128 L15.0474453,13.114656 C15.0474453,12.578881 15.473927,12.1445339 16,12.1445339 C16.526073,12.1445339 16.9525547,12.578881 16.9525547,13.114656 L16.9525547,14.2429415 Z\" id=\"stumbleupon-Fill-1\" sketch:type=\"MSShapeGroup\" mask=\"url(#stumbleupon-mask-2)\"/> </symbol><symbol viewBox=\"0 0 32 32\" id=\"icon-tumblr\"> <path d=\"M23.852762,25.5589268 C23.2579209,25.8427189 22.1195458,26.089634 21.2697728,26.1120809 C18.7092304,26.1810247 18.2121934,24.3131275 18.1897466,22.9566974 L18.1897466,12.9951133 L24.6159544,12.9951133 L24.6159544,8.15140729 L18.2137967,8.15140729 L18.2137967,0 L13.5256152,0 C13.4486546,0 13.3139736,0.0673405008 13.2963368,0.238898443 C13.0221648,2.73370367 11.8533261,7.11243957 7,8.86168924 L7,12.9951133 L10.2387574,12.9951133 L10.2387574,23.4521311 C10.2387574,27.0307977 12.8794671,32.1166089 19.8508122,31.9979613 C22.2013164,31.9578777 24.8131658,30.9718204 25.3919735,30.1236507 L23.852762,25.5589268\"/> </symbol><symbol viewBox=\"0 0 43 32\" id=\"icon-twitter\"> <path d=\"M36.575 5.229c1.756-0.952 3.105-2.46 3.74-4.257-1.644 0.882-3.464 1.522-5.402 1.867-1.551-1.495-3.762-2.429-6.209-2.429-4.697 0-8.506 3.445-8.506 7.694 0 0.603 0.075 1.19 0.22 1.753-7.069-0.321-13.337-3.384-17.532-8.039-0.732 1.136-1.152 2.458-1.152 3.868 0 2.669 1.502 5.024 3.784 6.404-1.394-0.040-2.706-0.386-3.853-0.962-0.001 0.032-0.001 0.064-0.001 0.097 0 3.728 2.932 6.837 6.823 7.544-0.714 0.176-1.465 0.27-2.241 0.27-0.548 0-1.081-0.048-1.6-0.138 1.083 3.057 4.224 5.281 7.946 5.343-2.911 2.064-6.579 3.294-10.564 3.294-0.687 0-1.364-0.036-2.029-0.108 3.764 2.183 8.235 3.457 13.039 3.457 15.646 0 24.202-11.724 24.202-21.891 0-0.334-0.008-0.665-0.025-0.995 1.662-1.085 3.104-2.439 4.244-3.982-1.525 0.612-3.165 1.025-4.885 1.211z\"/> </symbol><symbol viewBox=\"0 0 32 32\" id=\"icon-up-angle\"> <g> <polygon points=\"2.8,22.8 5.3,25.3 16.2,14.3 27.2,25.3 29.7,22.8 18.7,11.8 18.7,11.8 16.2,9.3 16.2,9.3 16.2,9.3 13.7,11.8 \n\t\t13.7,11.8 \t\"/> <path d=\"M16.2,8.5l3.3,3.3l0,0l10.9,10.9l-3.3,3.3L16.2,15.1L5.3,26.1L2,22.8L16.2,8.5z M16.2,10.1L16.2,10.1L3.6,22.8l1.7,1.7\n\t\tl10.9-10.9l10.9,10.9l1.7-1.7L17.9,11.8l0,0L16.2,10.1z\"/> </g> </symbol><symbol viewBox=\"0 0 32 32\" id=\"icon-youtube\"> <path d=\"M31.6634051,8.8527593 C31.6634051,8.8527593 31.3509198,6.64879843 30.3919217,5.67824658 C29.1757339,4.40441487 27.8125088,4.39809002 27.1873503,4.32353816 C22.7118278,4 15.9983092,4 15.9983092,4 L15.984407,4 C15.984407,4 9.27104501,4 4.79536595,4.32353816 C4.17017613,4.39809002 2.80745205,4.40441487 1.59082583,5.67824658 C0.631890411,6.64879843 0.319843444,8.8527593 0.319843444,8.8527593 C0.319843444,8.8527593 0,11.4409393 0,14.0290881 L0,16.4554834 C0,19.0436008 0.319843444,21.6317495 0.319843444,21.6317495 C0.319843444,21.6317495 0.631890411,23.8357417 1.59082583,24.8062935 C2.80745205,26.0801566 4.40557339,26.0398591 5.11736986,26.1733699 C7.67602348,26.4187241 15.9913894,26.4946536 15.9913894,26.4946536 C15.9913894,26.4946536 22.7118278,26.4845401 27.1873503,26.1610333 C27.8125088,26.0864501 29.1757339,26.0801566 30.3919217,24.8062935 C31.3509198,23.8357417 31.6634051,21.6317495 31.6634051,21.6317495 C31.6634051,21.6317495 31.9827789,19.0436008 31.9827789,16.4554834 L31.9827789,14.0290881 C31.9827789,11.4409393 31.6634051,8.8527593 31.6634051,8.8527593 Z M12.6895342,19.39582 L12.6880626,10.4095186 L21.3299413,14.9183249 L12.6895342,19.39582 Z\" id=\"youtube-Imported-Layers\"/> </symbol></svg>","components/common/cookie":"<div class=\"cookieMessage\">\n    <div class=\"cookieMessage-container\">\n        <div class=\"cookieMessage-text\">\n            <p>{{settings.privacy_cookie}}</p>\n        </div>\n        <button class=\"button button--primary button--small\" data-privacy-accept>{{lang 'cookies.accept'}}</button>\n    </div>\n</div>\n","components/common/header":"<div class=\"header-container {{#if theme_settings.sticky_topMenu '===' true}}sticky-header{{/if}}\">\n<div class=\"top-menu\">\n    <div class=\"content\">\n         <a href=\"#\" class=\"mobileMenu-toggle\" data-mobile-menu-toggle=\"menu\">\n            <span class=\"mobileMenu-toggleIcon\">Toggle menu</span>\n        </a>\n\n        <!-- OPTIONAL SHORT MESSAGE LINK -->\n        <!-- <div class=\"left\">\n          <a class=\"optional-message-link\" href=\"\">Put an optional message here.</a>\n        </div> -->\n\n        <div class=\"left phone-number\">\n            {{#if settings.phone_number}}\n                {{settings.phone_number}}\n            {{/if}}\n        </div>\n\n        <div class=\"currency-converter\">\n          <ul class=\"navPages-list navPages-list--user\">\n              {{#if currency_selector.currencies.length '>' 1}}\n                  <li class=\"navPages-item\">\n                      <a class=\"navPages-action has-subMenu\" href=\"#\" data-collapsible=\"navPages-currency\" aria-controls=\"navPages-currency\" aria-expanded=\"false\">\n                          {{lang 'common.currency' code=currency_selector.active_currency_code}} <i class=\"icon navPages-action-moreIcon\" aria-hidden=\"true\"><svg><use xmlns:xlink=\"http://www.w3.org/1999/xlink\" xlink:href=\"#icon-chevron-down\"></use></svg></i>\n                      </a>\n                      <div class=\"navPage-subMenu\" id=\"navPages-currency\" aria-hidden=\"true\" tabindex=\"-1\">\n                          <ul class=\"navPnavPagesage-subMenu-list\">\n                              {{#each currency_selector.currencies}}\n                              <li class=\"navPage-subMenu-item\">\n                                  <a class=\"navPage-subMenu-action navPages-action\" href=\"{{{switch_url}}}\">\n                                      {{#if is_active}}\n                                          <strong>{{name}}</strong>\n                                      {{else}}\n                                          {{name}}\n                                      {{/if}}\n                                  </a>\n                              </li>\n                              {{/each}}\n                          </ul>\n                      </div>\n                  </li>\n              {{/if}}\n          </ul>\n        </div>\n\n        {{#if theme_settings.sticky_topMenu '===' true}}\n          <nav class=\"navPages sticky-nav search\">\n              <div class=\"navPages-quickSearch searchbar\">\n                  {{> components/common/quick-search}}\n              </div>\n          </nav>\n        {{/if}}\n\n        <div class=\"right account-links\">\n            <ul>\n               {{#if settings.gift_certificates_enabled}}\n                    <li class=\"navUser-item gift-certficates\">\n                        <a class=\"navUser-action\" href=\"{{urls.gift_certificate.purchase}}\">{{lang 'cart.gift_certificate'}}</a>\n                    </li>\n                {{/if}}\n                {{#if settings.account_creation_enabled}}\n                    <li class=\"navUser-item navUser-item--account\">\n                        {{#if customer}}\n                            <a class=\"navUser-action account\" href=\"{{urls.account.index}}\"><i class=\"fa fa-user\" aria-hidden=\"true\"></i></a>\n                            <a class=\"navUser-action logout\" href=\"{{urls.auth.logout}}\">{{lang 'common.logout'}}</a>\n                        {{else}}\n                            <a class=\"navUser-action\" href=\"{{urls.auth.login}}\"><!-- <i class=\"fa fa-user\" aria-hidden=\"true\"></i> --><a class=\"navUser-action login\" href=\"{{urls.auth.login}}\">{{lang 'common.login'}}</a><span class=\"or-text\">or</span><a class=\"navUser-action create\" href=\"{{urls.auth.create_account}}\">{{lang 'Sign Up'}}</a>\n                        {{/if}}\n                     </li>\n                {{/if}}\n        <li class=\"navUser-item navUser-item--cart\">\n            <a\n                class=\"navUser-action\"\n                data-cart-preview\n                data-dropdown=\"cart-preview-dropdown\"\n                data-options=\"align:right\"\n                href=\"{{urls.cart}}\">\n                <span class=\"navUser-item-cartLabel\"><i class=\"fa fa-shopping-cart\" aria-hidden=\"true\"></i></span> <span class=\"countPill{{#if cart.items}} countPill--positive{{/if}} cart-quantity\">{{cart.quantity}}</span>\n            </a>\n\n            <div class=\"dropdown-menu\" id=\"cart-preview-dropdown\" data-dropdown-content aria-hidden=\"true\"></div>\n        </li>\n            </ul>\n        </div>\n        <div class=\"clear\"></div>\n    </div>\n</div>\n\n<div class=\"header-container full-width {{#if theme_settings.slider_width '===' 'full-width'}} full-width-auto {{/if}} full-width{{#if theme_settings.header-layout '!==' 'full-width'}} in-container{{/if}}\">\n  <div class=\"header-padding{{#if theme_settings.header-layout '===' 'in-container-with-padding-no-margin'}} in-container-with-padding-no-margin{{/if}}\">\n  <div class=\"header-padding{{#if theme_settings.header-layout '===' 'in-container-with-padding'}} in-container-with-padding{{/if}}\">\n  <header class=\"header\" role=\"banner\">\n    {{#if template_file '===' 'pages/home'}}\n        <h1 class=\"header-logo header-logo--{{theme_settings.logo-position}}\">\n            {{> components/common/store-logo}}\n        </h1>\n    {{else}}\n        <div class=\"header-logo header-logo--{{theme_settings.logo-position}}\">\n            {{> components/common/store-logo}}\n        </div>\n    {{/if}}\n\n  <div class=\"navPages-container inside-header left-logo\" id=\"menu\" data-menu>\n    <nav class=\"navPages\">\n        <div class=\"navPages-quickSearch right searchbar\">\n            {{> components/common/quick-search}}\n        </div>\n    </nav>\n</div>\n<div class=\"navPages-container inside-header right-logo\" id=\"menu\" data-menu>\n    <nav class=\"navPages\">\n        <div class=\"navPages-quickSearch right searchbar\">\n            {{> components/common/quick-search}}\n        </div>\n    </nav>\n</div>\n<div class=\"navPages-container inside-header center-logo\" id=\"menu\" data-menu>\n    <nav class=\"navPages\">\n        <div class=\"navPages-quickSearch right searchbar\">\n            {{> components/common/quick-search}}\n        </div>\n    </nav>\n</div>\n<div class=\"clear\"></div>\n<div class=\"mobile-menu navPages-container\" id=\"menu\" data-menu>\n  <div class=\"currency-converter\">\n    <ul class=\"navPages-list navPages-list--user\">\n        {{#if currency_selector.currencies.length '>' 1}}\n            <li class=\"navPages-item\">\n                <a class=\"navPages-action has-subMenu\" href=\"#\" data-collapsible=\"navPages-currency\" aria-controls=\"navPages-currency\" aria-expanded=\"false\">\n                    {{lang 'common.currency' code=currency_selector.active_currency_code}} <i class=\"icon navPages-action-moreIcon\" aria-hidden=\"true\"><svg><use xmlns:xlink=\"http://www.w3.org/1999/xlink\" xlink:href=\"#icon-chevron-down\"></use></svg></i>\n                </a>\n                <div class=\"navPage-subMenu\" id=\"navPages-currency\" aria-hidden=\"true\" tabindex=\"-1\">\n                    <ul class=\"navPnavPagesage-subMenu-list\">\n                        {{#each currency_selector.currencies}}\n                        <li class=\"navPage-subMenu-item\">\n                            <a class=\"navPage-subMenu-action navPages-action\" href=\"{{{switch_url}}}\">\n                                {{#if is_active}}\n                                    <strong>{{name}}</strong>\n                                {{else}}\n                                    {{name}}\n                                {{/if}}\n                            </a>\n                        </li>\n                        {{/each}}\n                    </ul>\n                </div>\n            </li>\n        {{/if}}\n    </ul>\n  </div>\n        {{> components/common/navigation-menu}}\n</div>\n</header>\n</div>\n</div>\n</div>\n\n<div class=\"main-nav-container{{#if theme_settings.header-layout '!==' 'in-container'}} full-width{{/if}} {{#if theme_settings.header-layout '===' 'in-container'}} in-container{{/if}}\">\n  <div class=\"navPages-container main-nav\" id=\"menu\" data-menu>\n        {{> components/common/navigation-menu}}\n  </div>\n</div>\n</div>\n","components/common/body":"<div class=\"body content\">\n    {{#block \"hero\"}} {{/block}}\n    <div class=\"container main\">\n        {{#block \"page\"}} {{/block}}\n    </div>\n    {{> components/common/modal}}\n    <div class=\"clear\"></div>\n</div>\n","components/common/footer":"<footer class=\"footer\" role=\"contentinfo\">\n\t{{#if settings.show_newsletter_box}}\n    <div class=\"footer-top newsletter\">\n        <div class=\"content newsletter\">\n            <div class=\"\" data-section-type=\"newsletterSubscription\">\n                    {{> components/common/subscription-form}}\n\t\t\t\t\t\t\t\t\t\t<div class=\"clear\"></div>\n            </div>\n      \t\t\t<div class=\"clear\"></div>\n        </div>\n    </div>\n   {{/if}}\n    <div class=\"container\">\n        <section class=\"footer-info\">\n         <article class=\"footer-info-col footer-info-col--small\" data-section-type=\"storeInfo\">\n                <h5 class=\"footer-info-heading\">Contact Us</h5>\n                <div class=\"regular\">\n                    <address>{{nl2br settings.address}}</address>\n                </div>\n        </article>\n\n            <article class=\"footer-info-col footer-info-col--small\" data-section-type=\"footer-webPages\">\n                <h5 class=\"footer-info-heading\">Accounts & Orders</h5>\n                <div class=\"regular\">\n                <ul class=\"footer-info-list\">\n                \t{{#if settings.gift_certificates_enabled}}\n                        <li>\n                            <a href=\"/giftcertificates.php\">Gift Certificates</a>\n                        </li>\n                    {{/if}}\n                        <li>\n                            <a href=\"/wishlist.php\">Wishlist</a>\n                        </li>\n                    {{#if settings.account_creation_enabled}}\n                        {{#if customer}}\n                            <li><a class=\"navUser-action\" href=\"{{urls.account.index}}\">{{lang 'common.account'}}</a></li>\n                            <li><a class=\"navUser-action\" href=\"{{urls.auth.logout}}\">{{lang 'common.logout'}}</a></li>\n                        {{else}}\n                            <li><a class=\"navUser-action\" href=\"{{urls.auth.login}}\">{{lang 'common.login'}}</a>\n                            {{#if settings.account_creation_enabled}}\n                                <span class=\"navUser-or\">{{lang 'common.or'}}</span> <a class=\"navUser-action\" href=\"{{urls.auth.create_account}}\">{{lang 'common.sign_up'}}</a></li>\n                            {{/if}}\n                        {{/if}}\n                    {{/if}}\n\n                    <li>\n                        <a href=\"/account.php?action=order_status\">Order Status</a>\n                    </li>\n                    <li>\n                        <a href=\"/shipping-returns/\">Shipping &amp; Returns</a>\n                    </li>\n                        <a href=\"{{urls.sitemap}}\">{{lang 'sitemap.page_title'}}</a>\n                    </li>\n                </ul>\n                </div>\n            </article>\n\n            <article class=\"footer-info-col footer-info-col--small\" data-section-type=\"footer-categories\">\n                <h5 class=\"footer-info-heading\">Quick Links</h5>\n                <div class=\"regular\">\n                <ul class=\"footer-info-list\">\n                    {{#each pages}}\n                    <li>\n                        <a href=\"{{url}}\">{{name}}</a>\n                    </li>\n                    {{/each}}\n                </ul>\n                </div>\n            </article>\n\n            <article class=\"footer-info-col footer-info-col--small\" data-section-type=\"footer-categories\">\n\n\t\t\t\t\t\t\t{{#if settings.blog_enabled}}\n                <h5 class=\"footer-info-heading recent-posts-heading\">Recent Blog Posts</h5>\n                <div class=\"blog regular\">\n                    <ul class=\"footer-info-list\">\n                        {{#each blog.recent_posts}}\n                            <li><a href=\"{{url}}\">{{title}}</a></li>\n                        {{/each}}\n                    </ul>\n                </div>\n\t\t\t\t\t\t\t{{/if}}\n\n                <div class=\"social-media\">\n                    {{> components/common/social-links}}\n                </div>\n            </article>\n            <div class=\"clear\"></div>\n\t\t\t\t\t\t{{#if theme_settings.geotrust_ssl_common_name}}\n\t\t\t\t\t\t\t<div class=\"footer-geotrust-ssl-seal\">\n\t\t\t\t\t\t\t\t{{> components/common/geotrust-ssl-seal}}\n\t\t\t\t\t\t\t</div>\n\t\t\t\t\t\t{{/if}}\n            {{> components/common/payment-icons}}\n\n        </section>\n\n        <div class=\"clear\"></div>\n    </div>\n\n\n    <div class=\"footer-bottom\">\n        <div class=\"content copyright\">\n            <ul class=\"site-info\">\n                {{#if theme_settings.show_copyright_footer}}\n                    <div class=\"left\">\n                        <li class=\"copyright\"><span class=\"current-year\">&copy; <span id=\"copyright_year\"></span> {{settings.store_name}}</span></li>\n                        <li class=\"sitemap\"><a href=\"{{urls.sitemap}}\">{{lang 'sitemap.page_title'}}</a></li>\n                    </div>\n                    {{/if}}\n\n                {{#if theme_settings.show_powered_by}}\n                    <div class=\"right\">\n                        <li class=\"built-by\">Premium <a target=\"_blank\" href=\"https://www.bigcommerce.com/\">BigCommerce</a> Theme by <a class=\"lone-star-templates\" target=\"_blank\" href=\"http://lonestartemplates.com/\">Lone Star Templates</a></li>\n                    </div>\n                {{/if}}\n                <div class=\"clear\"></div>\n            </ul>\n        </div>\n    </div>\n    <div id=\"topcontrol\" class=\"backtoTop\" title=\"Scroll Back to Top\">\n          <i class=\"fa fa-caret-square-o-up\" aria-hidden=\"true\"></i>\n      </div>\n    </footer>\n\n\n<!-- CALL MOST RECENT JQUERY LIBRARY -->\n<script\n  src=\"https://code.jquery.com/jquery-3.3.1.min.js\"\n  integrity=\"sha256-FgpCb/KJQlLNfOu91ta32o/NMZxltwRo8QtmkMRdAu8=\"\n  crossorigin=\"anonymous\"></script>\n\n<!-- GET CURRENT YEAR FOR COPYRIGHT -->\n<script type=\"text/javascript\">\n    document.getElementById(\"copyright_year\").innerHTML = new Date().getFullYear();\n</script>\n\n<!-- CUSTOM SIDECATEGORY MENU -->\n<script>\n  $('.navPages-action.has-subMenu').each(function() {\n    $('<span class=\"down-arrow\"><i class=\"fa fa-chevron-down\" aria-hidden=\"true\"></i></span>').insertAfter(this);\n});\n\n\n$( \"span.down-arrow\" ).on ('click', function() {\n    $(this).closest('li').toggleClass('active');\n    $(this).next('div.navPage-subMenu').toggleClass('sub-category-visible').slideToggle();\n    $('<div class=\"clear\"></div>').insertAfter('.Left #SideCategoryList .sf-menu ul li ul');\n\n    if ( $(this).closest('li.navPages-item').hasClass('active') ) {\n        $(this).html('<i class=\"fa fa-chevron-up\" aria-hidden=\"true\"></i>');\n    } else ( $(this).html('<i class=\"fa fa-chevron-down\" aria-hidden=\"true\"></i>') );\n\n});\n</script>\n\n<script>\n$(document).ready(function($){\n$(\"span.down-arrow\").on ('click', function() {\n\t$(this).prev('a').toggleClass('active');\n\n\tif ( $(this).prev('a').hasClass('active') ) {\n\t\t\t$(this).html('<i class=\"fa fa-chevron-up\" aria-hidden=\"true\"></i>');\n\t} else ( $(this).html('<i class=\"fa fa-chevron-down\" aria-hidden=\"true\"></i>') );\n});\n});\n</script>\n\n<script>\n$('#menu .navPage-subMenu li a i').on ('click', function(event) {\n   event.preventDefault();\n   $(this).next('ul#navPages-').toggleClass('sub-category-visible').slideToggle();\n});\n</script>\n\n<script>\n$( \".navPage-subMenu span.down-arrow\" ).on ('click', function() {\n    $(this).closest('li').toggleClass('active');\n    $(this).next('ul.navPage-childList').toggleClass('sub-category-visible').slideToggle();\n    $('<div class=\"clear\"></div>').insertAfter('.Left #SideCategoryList .sf-menu ul li ul');\n\n    if ( $(this).next('ul.navPage-childList').hasClass('sub-category-visible') ) {\n        $(this).html('<i class=\"fa fa-chevron-up\" aria-hidden=\"true\"></i>');\n    } else ( $(this).html('<i class=\"fa fa-chevron-down\" aria-hidden=\"true\"></i>') );\n\n});\n</script>\n\n\n<script>\n$('.form-action.wishlist').on ('click', function() {\n    $(this).toggleClass('selected');\n});\n</script>\n\n<script>\n    $(window).scroll(function() {\n        if ($(this).scrollTop() > 100 ) {\n            $('.backtoTop').addClass(\"visible\");\n        } else {\n            $('.backtoTop').removeClass(\"visible\");\n        }\n    });\n\n    $('.backtoTop').click(function(){\n    $(\"html, body\").animate({ scrollTop: 0 }, 600);\n    return false;\n    });\n</script>\n\n<script>\n    $('.custom-pages-nav li a.navPages-action.has-subMenu').hover(\n        function () {\n            $(this).siblings('div#menu .navPage-subMenu').show();\n        },\n        function () {\n            $(this).siblings('div#menu .navPage-subMenu').hide();\n        }\n    );\n</script>\n\n<script>\n$( document ).ready(function() {\n    $('.slider').hover(\n        function() {\n            $(this).addClass('active');\n        },\n        function() {\n            $(this).removeClass('active');\n        }\n    );\n});\n</script>\n\n<script>\n$('.navPages-quickSearch input').change(function() {\n    $('section.quickSearchResults').toggleClass(\"hide\");\n});\n</script>\n\n<script>\n$(document).ready(function($){\n\n    $(\"main.page.blog .blog-post .excerpt\").each(function(){\n            if ($(this).text().length > 0) {\n                $(this).text($(this).text().substr(0, 125));\n                $(this).append('...');\n                $(this).addClass('visible');\n            }\n        });\n});\n</script>\n\n<script>\n$(document).ready(function($){\n\n    $(\"main.page.blog h2.blog-title a\").each(function(){\n        $(\"main.page.blog h2.blog-title a\").html().toLowerCase();\n            if ($(this).text().length > 19) {\n                $(this).text($(this).text().substr(0, 19));\n                $(this).append('...');\n            }\n            $(this).addClass('visible');\n        });\n});\n</script>\n\n<script>\n$(document).ready(function($){\n        $('main.page.blog .blog-post-body').addClass('visible');\n    });\n</script>\n\n<script>\n// $(document).ready(function($){\n//\n//     $(\"h4.card-title a\").each(function(){\n//             if ($(this).text().length > 57) {\n//                 $(this).text($(this).text().substr(0, 57));\n//                 $(this).append('...');\n//             }\n//             $(this).addClass('visible');\n//         });\n// });\n</script>\n\n<script>\n// $(document).ready(function($){\n//\n//     $(\".ProductList .ProductDetails a\").each(function(){\n//             if ($(this).text().length > 57) {\n//                 $(this).text($(this).text().substr(0, 57));\n//                 $(this).append('...');\n//             }\n//             $(this).addClass('visible');\n//         });\n// });\n</script>\n\n<script>\n// $(document).ready(function($){\n//\n//     $(\"h4.productView-title\").each(function(){\n//             if ($(this).text().length > 15) {\n//                 $(this).text($(this).text().substr(0, 15));\n//                 $(this).append('...');\n//             }\n//             $(this).addClass('visible');\n//         });\n// });\n</script>\n\n<!-- LOGO / SEARCHBAR ALIGNMENT -->\n<script>\n$(document).ready(function($){\nif($('.header-logo').hasClass('header-logo--left')) {\n    $('.right.searchbar').addClass('right');\n    $('.navPages-container.inside-header.left-logo').addClass('visible');\n};\n\nif($('.header-logo').hasClass('header-logo--center')) {\n    $('.right.searchbar').addClass('center');\n    $('.navPages-container.inside-header.center-logo').show();\n};\n\nif($('.header-logo').hasClass('header-logo--right')) {\n    $('.right.searchbar').addClass('right');\n    $('.navPages-container.inside-header.right-logo').show();\n};\n});\n</script>\n\n<!-- DO NOT SHOW PRODUCT CAROUSEL UNTIL PAGE COMPLETELY LOADS -->\n<script>\n$(window).on(\"load\", function(){\n    $('.sidebar.right').fadeIn();\n\t\t$('.similar-products-by-views').fadeIn();\n\t\t$('.new-products-container').fadeIn();\n   });\n</script>\n\n<!-- GET CURRENT CATEGORY FOR SIMILAR PRODUCTS -->\n<!-- ONLY WORKS IF BREADCRUMBS ARE ACTIVE-->\n<script>\n// $(document).ready( function() {\n//     var currentSubCategoryLink = $('li.breadcrumb.is-active').prev('li.breadcrumb').find('a').attr('href');\n//     var currentSubCategory = $('li.breadcrumb.is-active').prev('li.breadcrumb').find('a').text();\n//     $('.similar-products-link a').attr('href',currentSubCategoryLink);\n//     $('.similar-products-link a').text(currentSubCategory);\n// });\n</script>\n\n<script>\n\tif ($('#tab-customField1 span.custom-value').text().length >= 1) {\n\t\t$('li.tab.customFieldOne').addClass('visible');\n\t\t$('#tab-customField1 .custom-field-container').addClass('visible');\n\t}\n</script>\n\n<script>\n    $('#tab-customField1 .custom-field-container:contains(\"customFieldTab1\")').wrap(\"<div class='visible'></div>\");\n</script>\n\n<script>\n\tvar customName = $('span.custom-name').first().text();\n\t$('.tab.customFieldOne.visible a').text(customName);\n\t$('div#tab-customField1 h3.tab-content-title').text(customName);\n</script>\n\n<script>\n$(window).scroll(function(){\n\tif($(window).innerWidth() <= 800) {\n\tif($(this).scrollTop() > 25) $('.header-logo').fadeOut();\n\tif($(this).scrollTop() < 25) $('.header-logo').fadeIn();\n\t}\n});\n</script>\n\n<script>\n$(window).scroll(function(){\n\tif($(this).scrollTop() > 150) $('.header-container.sticky-header nav.navPages.sticky-nav.search .searchbar').fadeIn();\n\tif($(this).scrollTop() > 150) $('.header-container.sticky-header nav.navPages.sticky-nav.search').addClass('visible');\n\tif($(this).scrollTop() > 150) $('.navPages-container.inside-header .right.searchbar').fadeOut();\n\tif($(this).scrollTop() < 150) $('.header-container.sticky-header nav.navPages.sticky-nav.search .searchbar').fadeOut();\n\tif($(this).scrollTop() < 150) $('.header-container.sticky-header nav.navPages.sticky-nav.search').removeClass('visible');\n\tif($(this).scrollTop() < 150) $('.navPages-container.inside-header .right.searchbar').fadeIn();\n});\n</script>\n\n<script>\n$(\".navPages-quickSearch input\").click(function(e){\n    $(\"section.quickSearchResults\").addClass('active').fadeIn();\n\t\t$('header a.modal-close.custom-quick-search').fadeIn();\n\t\t$('a.reset.quicksearch').fadeIn();\n\t\t$('a.modal-close.custom-quick-search').fadeIn();\n\t\t$('nav.navPages.sticky-nav.search .search-reset-button-container').fadeIn();\n     e.stopPropagation();\n});\n\n$('.navPages-quickSearch input').keypress(function(e){\n\t$('header a.modal-close.custom-quick-search').fadeIn();\n\t$('a.reset.quicksearch').fadeIn();\n});\n</script>\n\n<script>\n$(document).ready(function(){\n\t$('a.modal-close.custom-quick-search').click(function(e) {\n\t\te.preventDefault();\n\t\t$(this).fadeOut();\n\t\t$(\"section.quickSearchResults\").removeClass('active').fadeOut();\n\t\t$('a.reset.quicksearch').fadeOut();\n\t\t$('a.modal-close.custom-quick-search').fadeOut();\n\t\t$('nav.navPages.sticky-nav.search .search-reset-button-container').fadeOut();\n\t\t$('nav.navPages.sticky-nav.search a.modal-close.custom-quick-search').fadeOut();\n\t});\n});\n\n$(\"a.reset.quicksearch\").click(function(e){\n\te.preventDefault();\n\t$(\"section.quickSearchResults\").empty();\n\t$(this).fadeOut();\n\t$(\"section.quickSearchResults\").removeClass('active').fadeOut();\n\t$('a.reset.quicksearch').fadeOut();\n\t$('a.modal-close.custom-quick-search').fadeOut();\n\t$('nav.navPages.sticky-nav.search .search-reset-button-container').fadeOut();\n\t$('nav.navPages.sticky-nav.search a.modal-close.custom-quick-search').fadeOut();\n});\n</script>\n\n<script>\n$(document).click(function(event) {\n    if ( !$(event.target).hasClass('.header-container.sticky-header .navPages.sticky-nav.search .navPages-quickSearch input#search_query')) {\n         $('nav.navPages.sticky-nav.search a.modal-close.custom-quick-search').fadeOut();\n\t\t\t\t event.stopPropagation();\n    }\n});\n</script>\n\n\n<script>\n$(document).click(function(event) {\n    if ( !$(event.target).hasClass('div.currency-converter')) {\n         $(\"div.currency-converter .navPage-subMenu\").hide();\n\t\t\t\t event.stopPropagation();\n    }\n});\n</script>\n\n<script>\n\t$(\"div.currency-converter li a.navPages-action.has-subMenu\").click(function(e){\n\t\te.preventDefault();\n\t\t$('div.currency-converter .navPage-subMenu').toggle();\n\t\te.stopPropagation();\n\t});\n</script>\n\n<script>\nif($(window).innerWidth() > 800) {\n\t$(document).click(function(){\n\t\t\t$(\"section.quickSearchResults\").removeClass('active').fadeOut();\n\t\t\t$('header a.modal-close.custom-quick-search').fadeOut();\n\t\t\t$('a.reset.quicksearch').fadeOut();\n\t});\n}\n</script>\n\n<!-- HIDE SUBCATEGORY IMAGES IF CATEGORY IMAGE IS NOT SET-->\n<script>\n$(document).ready(function(){\n\tif($('.subcategory-image.uploaded').length) {\n\t\t$(\"li.subcategory-item .subcategory-image\").fadeIn();\n\t}\n});\n</script>\n\n<!-- HIDE COMPARE BUTTON IF PRODUCT COMPARISONS ARE DISABLED -->\n<script>\n$(document).ready(function(){\nif (!$('article.card').hasClass('compare-disabled')) {\n    $('.compare').fadeIn();\n}\nif ($('main#product-listing-container:contains(\"There are no products listed under this category.\")').length > 0) {\n\t$('.compare').hide();\n}\n});\n\n// ADD PRICES-HIDDEN CLASS IF LOGIN REQUIRED\n$(document).ready(function(){\n$(\"article.card .card-text .price-visibility.restricted\").each(function(){\n    if ($(this).text().trim().length) {\n        $(this).addClass(\"price-hidden\");\n\t\t\t\t$(this).closest('div.card-body').addClass(\"prices-hidden\");\n\t\t\t\t$('.compare').hide();\n    }\n});\n});\n\n// CHECK IF RATINGS ARE ENABLED\n$(document).ready(function() {\n    var $myDiv = $('.card-text[data-test-info-type=\"productRating\"]');\n\n    if ( $myDiv.length==0){\n        $('div.card-body').addClass(\"ratings-disabled\");\n\t\t\t\t$('article.card').addClass(\"ratings-disabled\");\n    }\n});\n\n$(window).on(\"load\", function(){\n\t$('.subcategory-grid').fadeIn();\n\t$('.productGrid').fadeIn();\n});\n</script>\n\n<!-- CHECK CARDS FOR WITH/WITHOUT TAX PRICING -->\n<script>\nif ( $('.price-section').hasClass('price-section--withTax') ){\n    $('div.card-body').addClass('withTax');\n}\nif ( $('.price-section').hasClass('price-section--withoutTax') ){\n    $('div.card-body').addClass('withoutTax');\n}\n</script>\n\n<script>\nif($(window).innerWidth() <= 480) {\n\t$(document).ready(function() {\n\t\t$('.shop-by-price').appendTo('.sideCategoryList.mobile');\n\t});\n}\n</script>\n\n<script>\n$(window).on(\"load\", function(){\nif ($('.subcategory-image').hasClass('uploaded')) {\n    $('li.subcategory-item').addClass('hasImage');\n}\n});\n</script>\n\n<!-- SCROLL TO REVIEWS IN TABS AND MAKE ACTIVE WHEN REVIEW LINK UP TOP IS CLICKED -->\n<script>\n$( \".productView-product .productView-reviewLink>a\" ).on ('click', function() {\n\t$('html,body').animate({\n              scrollTop: $(\".productView-description\").offset().top\n            }, 1000);\n            $('.tab').removeClass('is-active');\n            $('.tab-content').removeClass('is-active');\n            $(\".tab.reviews\").addClass('is-active');\n            $(\".tab-content.reviews\").addClass('is-active');\n            return false;\n});\n</script>\n\n<!-- SHOW SALE FLAG ON CATEGORY PAGES ONLY IF IT HAS A SALE PRICE IN THE BACKEND. CORNERSTONE IS SHOWING SALE FLAG IF PRODUCT HAS AN OPTION PRICED LOWER THAN REGULAR PRICE. -->\n<script>\n// $(document).ready(function() {\n// \t$('li.product').each(function() {\n// \t\tif ($(this).find('.card-text span').hasClass('price--rrp')) {\n// \t\t\t$(this).find('.sale-flag-side').addClass('visible');\n// \t\t}\n// \t});\n// });\n</script>\n\n<!-- GET TITLE ATTRIBUTE OF SWATCH CHILD AND THEN APPLY IT TO THE PARENT ON HOVER -->\n<script>\n\t$( \"label.form-option.form-option-swatch\" ).hover(function() {\n    var title = $(this).find('span').attr(\"title\");\n\t\t$(this).prop('title', title);\n});\n</script>\n\n<!-- DISPLAY AND POSITION TOOLTIP OF SWATCH -->\n<script>\n$( function() {\n    $( '.product.main label.form-option.form-option-swatch').tooltip();\n\t\t// Getter\n\t\tvar position = $( \"label.form-option.form-option-swatch\" ).tooltip( \"option\", \"position\" );\n\t\t// Setter\n\t\t$( \".product.main label.form-option.form-option-swatch\" ).tooltip( \"option\", \"position\", { my: \"left-40 bottom\", at: \"right top\" } );\n  } );\n</script>\n\n<script>\n\t$('section.productView-images a.productView-thumbnail-link').hover(function() {\n\t\t$(this).toggleClass('is-active');\n});\n</script>\n\n\n<script>\n$(document).ready(function() {\n$('.slider-for').slick({\n slidesToShow: 1,\n slidesToScroll: 1,\n infinite: true,\n arrows: true,\n fade: true,\n adaptiveHeight: true,\n asNavFor: '.slider-nav'\n});\n$('.slider-nav').slick({\n slidesToShow: 4,\n slidesToScroll: 1,\n asNavFor: '.slider-for',\n infinite: true,\n dots: false,\n centerMode: true,\n focusOnSelect: true\n});\n});\n\n$('.slider-for> :last-child').remove();\n\n$(window).on(\"load\", function(){\n\t$('.productImageSlider.slider-for li').addClass('ready');\n});\n\n$(window).on(\"load\", function(){\n\t$('.slider-nav').show();\n});\n</script>\n\n<script>\n$(document).ready(function() {\n$(\"li.fancy-gallery\").fancybox();\n});\n</script>\n\n<script>\n$(window).on(\"load\", function(){\n\t$('.productImageSlider').addClass('ready');\n});\n</script>\n\n<script>\n// $(document).ready(function() {\n// \t$('.slider-for').hover(\n// \t\tfunction () {\n// \t\t\t\t$(this).find('.slick-prev').animate({left: '20px'});\n// \t\t\t\t$(this).find('.slick-next').animate({left: '435px'});\n// \t\t},\n// \t\tfunction () {\n// \t\t\t\t$(this).find('.slick-prev').animate({left: '-20px'});\n// \t\t\t\t$(this).find('.slick-next').animate({left: '465px'});\n// \t\t}\n// );\n// });\n\n\n// NO SIDENAV - RECOMMENDED VERTICAL ON RIGHT\n// MAIN IMAGE\n$(document).ready(function() {\n\t$('.product.main.left .recommended-position.vertical .main-image-container .slider-for').hover(\n\t\tfunction () {\n\t\t\t\t$(this).find('.slick-prev').animate({left: '0px'});\n\t\t\t\t$(this).find('.slick-next').animate({left: '311px'});\n\t\t},\n\t\tfunction () {\n\t\t\t\t$(this).find('.slick-prev').animate({left: '-44px'});\n\t\t\t\t$(this).find('.slick-next').animate({left: '335px'});\n\t\t}\n);\n});\n// THUMBNAIL NAV\n$(document).ready(function() {\n\t$('.product.main.left .recommended-position.vertical .slider-nav').hover(\n\t\tfunction () {\n\t\t\t\t$(this).find('.slick-prev').animate({left: '0px'});\n\t\t\t\t$(this).find('.slick-next').animate({left: '335px'});\n\t\t},\n\t\tfunction () {\n\t\t\t\t$(this).find('.slick-prev').animate({left: '-44px'});\n\t\t\t\t$(this).find('.slick-next').animate({left: '360px'});\n\t\t}\n);\n});\n\n// NO SIDENAV - RECOMMENDED BELOW\n// MAIN IMAGE\n$(document).ready(function() {\n\t$('.product.main.left #recommended-products-below .main-image-container .slider-for').hover(\n\t\tfunction () {\n\t\t\t\t$(this).find('.slick-prev').animate({left: '-4px'});\n\t\t\t\t$(this).find('.slick-next').animate({left: '431px'});\n\t\t},\n\t\tfunction () {\n\t\t\t\t$(this).find('.slick-prev').animate({left: '-44px'});\n\t\t\t\t$(this).find('.slick-next').animate({left: '475px'});\n\t\t}\n);\n});\n// THUMBNAIL NAV\n$(document).ready(function() {\n\t$('.product.main.left .recommended-position.below .slider-nav').hover(\n\t\tfunction () {\n\t\t\t\t$(this).find('.slick-prev').animate({left: '0px'});\n\t\t\t\t$(this).find('.slick-next').animate({left: '335px'});\n\t\t},\n\t\tfunction () {\n\t\t\t\t$(this).find('.slick-prev').animate({left: '-44px'});\n\t\t\t\t$(this).find('.slick-next').animate({left: '360px'});\n\t\t}\n);\n});\n</script>\n\n<script>\n$( \"a.navPage-subMenu-action.navPages-action.navPages-action-depth-max.has-subMenu\" ).on ('click', function() {\n\twindow.location = this.href;\n});\n</script>\n\n<script>\n$('figure.card-figure').each(function() {\n\tif ( $(this).find('img.card-image').length >= 2 ) {\n    $(this).addClass('multiple-images');\n\t}\n});\n</script>\n\n<script>\n$('figure.listItem-figure').each(function() {\n\tif ( $(this).find('img.listItem-image').length >= 2 ) {\n    $(this).addClass('multiple-images');\n\t}\n});\n</script>\n\n<!-- NEWSLETTER POPUP -->\n<script>\n$(document).ready(function() {\n\t// var $myDiv = $('.home');\n\t//     if ( $myDiv.length){\n\t// \t\t\tvar id = '#dialog';\n\t// \t\t\tvar maskHeight = $(document).height();\n\t// \t\t\tvar maskWidth = $(window).width();\n\t// \t\t\t$('#mask').css({'width':maskWidth,'height':maskHeight});\n\t// \t\t\t$('#mask').fadeIn(500);\n\t// \t\t\t$('#mask').fadeTo(\"slow\",0.9);\n\t// \t\t\tvar winH = $(window).height();\n\t// \t\t\tvar winW = $(window).width();\n\t// \t\t\t\t\t\t$(id).css('top',  winH/2-$(id).height()/2-155);\n\t// \t\t\t$(id).css('left', winW/2-$(id).width()/2-35);\n\t// \t\t\t\t $(id).fadeIn(2000);\n\t// \t\t\t\t $('.window .close').click(function (e) {\n\t// \t\t\te.preventDefault();\n\t// \t\t\t$('#mask').hide();\n\t// \t\t\t$('.window').hide();\n\t// \t\t\t\t });\n\t// \t\t\t\t $('#mask').click(function () {\n\t// \t\t\t$(this).hide();\n\t// \t\t\t$('.window').hide();\n\t// \t\t });\n\t//     }\n});\n</script>\n\n<!-- SHOW POPUP AFTER 24 HOUR SESSION HAS EXPIRED OR WHEN BROWSER IS CLOSED -->\n<script type=\"text/javascript\" src=\"https://cdnjs.cloudflare.com/ajax/libs/jquery-cookie/1.4.1/jquery.cookie.min.js\"></script>\n\t\t<!-- HIDE PRELOADER AFTER FIRST SESSION, RESETS IN 24 HOURS -->\n\t\t<script>\n\t\t\t$(document).ready(function($) {\n    \t\t\tif ($.cookie('popupShownOnceAlready')) {\n        \t\t\t// $('body.main.home').addClass('hidePopup');\n\t\t\t\t\t\t\t// $('body.main.home').removeClass('showPopup');\n        \t\t\t// console.log('Hide Preloader!');\n    \t\t\t}\n    \t\t\telse {\n        \t\t// and now we create 1 day cookie\n        \t\t\t$.cookie('popupShownOnceAlready', true, {path: '/', expire: 1});\n\t\t\t\t\t\t\tvar $myDiv = $('.home');\n\t\t\t\t\t\t\t    if ( $myDiv.length){\n\t\t\t\t\t\t\t\t\t\tvar id = '#dialog';\n\t\t\t\t\t\t\t\t\t\tvar maskHeight = $(document).height();\n\t\t\t\t\t\t\t\t\t\tvar maskWidth = $(window).width();\n\t\t\t\t\t\t\t\t\t\t$('#mask').css({'width':maskWidth,'height':maskHeight});\n\t\t\t\t\t\t\t\t\t\t$('#mask').fadeIn(500);\n\t\t\t\t\t\t\t\t\t\t$('#mask').fadeTo(\"slow\",0.9);\n\t\t\t\t\t\t\t\t\t\tvar winH = $(window).height();\n\t\t\t\t\t\t\t\t\t\tvar winW = $(window).width();\n\t\t\t\t\t\t\t\t\t\t\t\t\t$(id).css('top',  winH/2-$(id).height()/2-155);\n\t\t\t\t\t\t\t\t\t\t$(id).css('left', winW/2-$(id).width()/2-35);\n\t\t\t\t\t\t\t\t\t\t\t $(id).fadeIn(2000);\n\t\t\t\t\t\t\t\t\t\t\t $('.window .close').click(function (e) {\n\t\t\t\t\t\t\t\t\t\te.preventDefault();\n\t\t\t\t\t\t\t\t\t\t$('#mask').hide();\n\t\t\t\t\t\t\t\t\t\t$('.window').hide();\n\t\t\t\t\t\t\t\t\t\t\t });\n\t\t\t\t\t\t\t\t\t\t\t $('#mask').click(function () {\n\t\t\t\t\t\t\t\t\t\t$(this).hide();\n\t\t\t\t\t\t\t\t\t\t$('.window').hide();\n\t\t\t\t\t\t\t\t\t });\n\t\t\t\t\t\t\t    }\n\t\t\t\t\t\t\t// $('body.main.home').removeClass('hidePopup');\n\t\t\t\t\t\t\t// $('body.main.home').addClass('showPopup');\n    \t\t\t}\n\t\t\t\t\t$(window).on(\"unload\", function(e) {\n \t\t\t\t\t\tdeleteCookie('popupShownOnceAlready');\n\t\t\t\t\t});\n\t\t\t});\n\t\t</script>\n\n<!-- GRID/LIST VIEW TOGGLE -->\n<script>\n\t\t\tjQuery( \"a.toggle-link\" ).click(function( event ) {\n  \t\t\t\tevent.preventDefault();\n\t\t\t});\n</script>\n\n<script>\n\t\t$(document).ready(function(){\n\t\t\t\tjQuery('a.toggle-link').on(\"click\", function(){\n\t\t\t\t\tjQuery('a.toggle-link').not(this).removeClass('active');\n    \t\t\t\tjQuery(this).addClass('active');\n    \t\t\t\t\tif ( jQuery(\"a.toggle-link.grid\").hasClass(\"active\") ) {\n        \t\t\t\t\tjQuery(\"ul.productGrid\").addClass('visible');\n                  jQuery(\".list-default\").addClass('hidden');\n    \t\t\t\t\t} else {\n    \t\t\t\t\t\tjQuery(\"ul.productGrid\").removeClass('visible');\n                jQuery(\".list-default\").removeClass('hidden');\n    \t\t\t\t\t}\n\t\t\t\t\t\t\tif ( jQuery(\"a.toggle-link.list\").hasClass(\"active\") ) {\n        \t\t\t\t\tjQuery(\"ul.productList\").addClass('visible');\n                  jQuery(\".grid-default\").addClass('hidden');\n    \t\t\t\t\t} else {\n    \t\t\t\t\t\tjQuery(\"ul.productList\").removeClass('visible');\n                jQuery(\".grid-default\").removeClass('hidden');\n    \t\t\t\t\t}\n\t\t\t\t\t\t});\n\t\t\t\t\t});\n</script>\n\n<!-- HIDE GRID/LIST TOGGLE ONCLICK -->\n<script>\n$(document).ready(function($){\n$(\"a.navBar-action\").on ('click', function() {\n\t$('.grid-list-view.toggle').hide();\n\t$('form.actionBar').hide();\n});\n\n$(\"li.navBar-item.products a.navBar-action\").on ('click', function() {\n\t$('.grid-list-view.toggle').show();\n\t$('form.actionBar').show();\n});\n});\n</script>\n\n<!-- HIDE GRID/LIST IF NO PRODUCTS ON PAGE -->\n<script>\nif($('li.product').length === 0){\n\t$('.grid-list-view.toggle').hide();\n\t$('form.actionBar').hide();\n}\n</script>\n\n<!-- REPOSITION CART LINK IF HAS COUNTPILL -->\n<script>\nif ( $('.countPill').hasClass('countPill--positive') ){\n    $('.top-menu .right').addClass('shift-right');\n}\n</script>\n\n<!-- CUSTOM NAV ARROWS FOR FANCYBOX -->\n<script>\n$(document).ready(function(){\n$('[data-fancybox=\"gallery\"]').fancybox({\n  afterLoad : function( instance, current ) {\n\t\t$('.fancybox-navigation .fancybox-button--arrow_left').append('<a data-fancybox-previous class=\"button-previous custom\" href=\"javascript:;\"><i class=\"icon\" aria-hidden=\"true\"><svg class=\"custom-fancy-arrows custom\"><use xlink:href=\"#icon-angle-left\"></use></svg></i></a>');\n\t\t$('.fancybox-navigation .fancybox-button--arrow_right').append('<a data-fancybox-next class=\"button-next custom\" href=\"javascript:;\"><i class=\"icon\" aria-hidden=\"true\"><svg class=\"custom-fancy-arrows custom\"><use xlink:href=\"#icon-angle-right\"></use></svg></i></a>');\n    // if ( instance.group.length > 1 && current.$content ) {\n    //   current.$content.append('<a data-fancybox-next class=\"button-next\" href=\"javascript:;\"><i class=\"icon navPages-action-moreIcon\" aria-hidden=\"true\"><svg class=\"custom-fancy-arrows\"><use xlink:href=\"#icon-angle-right\"></use></svg></i></a><a data-fancybox-previous class=\"button-previous\" href=\"javascript:;\"><i class=\"icon\" aria-hidden=\"true\"><svg class=\"custom-fancy-arrows\"><use xlink:href=\"#icon-angle-left\"></use></svg></i></a>');\n    // }\n  }\n})\n});\n</script>\n\n\n<!-- PAGINATION FOR REVIEWS ON PRODUCT PAGE SCROLL & ACTIVE REVIEWS TAB -->\n<script>\n$(window).on(\"load\", function(){\nif (window.location.href.indexOf(\"#product-reviews\") > -1) {\n\t$('html,body').animate({\n\t\t\t\t\t\t\tscrollTop: $(\".productView-description\").offset().top\n\t\t\t\t\t\t}, 1000);\n\t\t\t\t\t\t$('.tab').removeClass('is-active');\n\t\t\t\t\t\t$('.tab-content').removeClass('is-active');\n\t\t\t\t\t\t$(\".tab.reviews\").addClass('is-active');\n\t\t\t\t\t\t$(\".tab-content.reviews\").addClass('is-active');\n\t}\n});\n</script>\n\n<script>\n$( \"div#mobile-menu li a\" ).hover(function() {\n\tevent.preventDefault();\n});\n</script>\n\n<!-- HIDE CAROUSEL NAV DOTS IF ONLY ONE SLIDE -->\n<script>\n$(window).on(\"load\", function(){\nif(!$('.slick-arrow').length){\n\t$('.heroCarousel .slick-dots').hide();\n}\n});\n</script>\n\n<!-- FIX FOR Multiple Product Video not clickable -->\n<script>\n$(document).ready(function(){\n    $(\".videoGallery-list li.videoGallery-item a.video\").click(function(e){\n        e.preventDefault();\n        var videoID = $(this).attr(\"data-video-id\");\n        $(\".videoGallery-main iframe#player\").attr(\"src\", \"//www.youtube.com/embed/\" + videoID);\n        $(\"a.video.is-active\").removeClass(\"is-active\");\n        $(this).addClass(\"is-active\");\n        $(\"iframe#player\")[0].scrollIntoView(true);\n    });\n});\n</script>\n\n<!-- FIX FOR MOBILE ANDROID DROPDOWNS -->\n<script type=\"text/javascript\">\n    $(document).ready(function(){\n        $(\"select.form-select\").addClass(\"needsclick\");\n    });\n</script>\n","components/common/quick-search":"<div class=\"container\">\n    {{{ snippet \"forms_search\"}}}\n    <form class=\"form\" action=\"{{urls.search}}\">\n        <fieldset class=\"form-fieldset\">\n            <div class=\"form-field\">\n                <label class=\"u-hiddenVisually\" for=\"search_query\">{{lang \"search.quick_search.input_label\"}}</label>\n                <input class=\"form-input\" data-search-quick name=\"search_query\" id=\"search_query\" data-error-message=\"{{lang 'search.error.empty_field'}}\" placeholder=\"{{lang 'search.quick_search.input_placeholder'}}\" autocomplete=\"off\">\n                <div class=\"search-icon\"><i class=\"fa fa-search\" aria-hidden=\"true\"></i></div>\n                <input class=\"button button--primary form-prefixPostfix-button--postfix\" type=\"submit\" value=\"\">\n            </div>\n        </fieldset>\n        <div class=\"clear\"></div>\n    </form>\n      <a href=\"#\" class=\"reset quicksearch\" aria-label=\"reset search\" role=\"button\">\n        <span class=\"reset\" aria-hidden=\"true\">Reset Search</span>\n      </a>\n      <a href=\"#\" class=\"modal-close custom-quick-search\" aria-label=\"{{lang 'common.close'}}\" role=\"button\">\n        <span aria-hidden=\"true\">&#215;</span>\n      </a>\n      <section class=\"quickSearchResults\" data-bind=\"html: results\">\n      </section>\n</div>\n","components/common/store-logo":"<a href=\"{{urls.home}}\">\n    {{#if settings.store_logo.image}}\n        <img class=\"header-logo-image\" src=\"{{getImage settings.store_logo.image 'logo_size'}}\" alt=\"{{settings.store_logo.title}}\" title=\"{{settings.store_logo.title}}\">\n    {{else}}\n        <span class=\"header-logo-text\">{{settings.store_logo.title}}</span>\n    {{/if}}\n</a>\n","components/common/navigation-menu":"<nav class=\"navPages\">\n    <div class=\"navPages-quickSearch right searchbar\">\n        {{> components/common/quick-search}}\n    </div>\n    <ul class=\"navPages-list\">\n        {{#each categories}}\n            <li class=\"navPages-item\">\n                <!-- {{> components/common/navigation-list}} -->\n            </li>\n        {{/each}}\n        <div class=\"nav-align{{#if theme_settings.mainNav-align '!==' 'left'}} center{{/if}}\">\n        <div class=\"custom-pages-nav\">\n          <div id=\"desktop-menu\">\n            <h2 class=\"container-header mobile\">Main Menu</h2>\n            {{#each pages}}\n                <li class=\"navPages-item\">\n                    {{> components/common/navigation-list}}\n                </li>\n            {{/each}}\n          </div>\n            <div id=\"mobile-menu\">\n              <div class=\"category-menu\">\n                <h2 class=\"container-header mobile\">Shop By Category</h2>\n                {{#each categories}}\n                  <li class=\"navPages-item mobile\">\n                    {{> components/common/navigation-list}}\n                  </li>\n                {{/each}}\n              </div>\n\n            <div class=\"brand-menu\">\n              <h2 class=\"container-header mobile\">Shop By Brand</h2>\n              {{#each shop_by_brand}}\n                <li class=\"navPages-item mobile\">\n                  <a class=\"navPages-action\" href=\"{{url}}\">{{name}}</a>\n                </li>\n              {{/each}}\n                  <li class=\"navPages-item mobile\">\n                    <a class=\"navPages-action\" href=\"/brands/\">View all Brands</a>\n                  </li>\n            <div class=\"clear\"></div>\n          </div>\n          \n          </div>\n        </div>\n    </ul>\n    <ul class=\"navPages-list navPages-list--user\">\n        {{#if currency_selector.currencies.length '>' 1}}\n            <li class=\"navPages-item\">\n                <a class=\"navPages-action has-subMenu\" href=\"#\" data-collapsible=\"navPages-currency\" aria-controls=\"navPages-currency\" aria-expanded=\"false\">\n                    {{lang 'common.currency' code=currency_selector.active_currency_code}} <i class=\"icon navPages-action-moreIcon\" aria-hidden=\"true\"><svg><use xmlns:xlink=\"http://www.w3.org/1999/xlink\" xlink:href=\"#icon-chevron-down\"></use></svg></i>\n                </a>\n                <div class=\"navPage-subMenu\" id=\"navPages-currency\" aria-hidden=\"true\" tabindex=\"-1\">\n                    <ul class=\"navPnavPagesage-subMenu-list\">\n                        {{#each currency_selector.currencies}}\n                        <li class=\"navPage-subMenu-item\">\n                            <a class=\"navPage-subMenu-action navPages-action\" href=\"{{{switch_url}}}\">\n                                {{#if is_active}}\n                                    <strong>{{name}}</strong>\n                                {{else}}\n                                    {{name}}\n                                {{/if}}\n                            </a>\n                        </li>\n                        {{/each}}\n                    </ul>\n                </div>\n            </li>\n        {{/if}}\n        <li class=\"navPages-item\">\n            <a class=\"navPages-action\" href=\"{{urls.gift_certificate.purchase}}\">{{lang 'common.gift_cert'}}</a>\n        </li>\n        {{#if customer.store_credit.value '>' 0}}\n            <li class=\"navPages-item\">\n                <a class=\"navPages-action navPages-action--storeCredit\">\n                    {{lang 'common.store_credit_overview' credit=customer.store_credit.formatted}}\n                </a>\n            </li>\n        {{/if}}\n        {{#if theme_settings.product_list_display_mode '==' 'list'}}\n            <li class=\"navPages-item\">\n                <a class=\"navPages-action navPages-action--compare\" href=\"{{urls.compare}}\" data-compare-nav>{{lang 'common.compare'}} <span class=\"countPill countPill--positive countPill--alt\"></span></a>\n            </li>\n        {{/if}}\n        {{#if customer}}\n            <li class=\"navPages-item account\">\n                <a class=\"navPages-action has-subMenu\" href=\"{{urls.account.index}}\" data-collapsible=\"navPages-account\">\n                    {{lang 'common.account'}} <i class=\"fa fa-chevron-down\" aria-hidden=\"true\"></i>\n                </a>\n                <div class=\"navPage-subMenu\" id=\"navPages-account\" aria-hidden=\"true\" tabindex=\"-1\">\n                    <ul class=\"navPage-subMenu-list\">\n                        <li class=\"navPage-subMenu-item\">\n                            <a class=\"navPage-subMenu-action navPages-action\" href=\"{{urls.account.orders.all}}\">{{lang 'account.nav.orders'}}</a>\n                        </li>\n                        {{#if settings.returns_enabled}}\n                            <li class=\"navPage-subMenu-item\">\n                                <a class=\"navPage-subMenu-action navPages-action\" href=\"{{urls.account.returns}}\">{{lang 'account.nav.returns'}}</a>\n                            </li>\n                        {{/if}}\n                        <li class=\"navPage-subMenu-item\">\n                            <a class=\"navPage-subMenu-action navPages-action\" href=\"{{urls.account.inbox}}\">{{lang 'account.mobile_nav.messages'}}</a>\n                        </li>\n                        <li class=\"navPage-subMenu-item\">\n                            <a class=\"navPage-subMenu-action navPages-action\" href=\"{{urls.account.addresses}}\">{{lang 'account.nav.addresses'}}</span></a>\n                        </li>\n                        <li class=\"navPage-subMenu-item\">\n                            <a class=\"navPage-subMenu-action navPages-action\" href=\"{{urls.account.wishlists.all}}\">{{lang 'account.mobile_nav.wishlists'}}</a>\n                        </li>\n                        <li class=\"navPage-subMenu-item\">\n                            <a class=\"navPage-subMenu-action navPages-action\" href=\"{{urls.account.recent_items}}\">{{lang 'account.nav.recently_viewed'}}</a>\n                        </li>\n                        <li class=\"navPage-subMenu-item\">\n                            <a class=\"navPage-subMenu-action navPages-action\" href=\"{{urls.account.details}}\">{{lang 'account.nav.settings'}}</a>\n                        </li>\n                    </ul>\n                </div>\n            </li>\n            <li class=\"navPages-item\">\n                <a class=\"navPages-action\" href=\"{{urls.auth.logout}}\">{{lang 'common.logout'}}</a>\n            </li>\n        {{else}}\n            <li class=\"navPages-item\">\n                <a class=\"navPages-action\" href=\"{{urls.auth.login}}\">{{lang 'common.login'}}</a> {{lang 'common.or'}} <a class=\"navPages-action\" href=\"{{urls.auth.create_account}}\">{{lang 'common.sign_up'}}</a>\n            </li>\n        {{/if}}\n    </ul>\n</nav>\n","components/common/modal":"<div id=\"modal\" class=\"modal\" data-reveal data-prevent-quick-search-close>\n    <a href=\"#\" class=\"modal-close\" aria-label=\"{{lang 'common.close'}}\" role=\"button\">\n        <span aria-hidden=\"true\">&#215;</span>\n    </a>\n    <div class=\"modal-content\"></div>\n    <div class=\"loadingOverlay\"></div>\n</div>\n","components/common/subscription-form":"<h5 class=\"footer-info-heading\">{{lang 'newsletter.subscribe'}}&nbsp;<span class=\"smaller lighter lowercase\">{{lang 'newsletter.subscribe_intro'}}</span></h5>\n<form class=\"form\" action=\"{{urls.subscribe.action}}\" method=\"post\">\n    <fieldset class=\"form-fieldset\">\n        <input type=\"hidden\" name=\"action\" value=\"subscribe\">\n        <input type=\"hidden\" name=\"nl_first_name\" value=\"bc\">\n        <input type=\"hidden\" name=\"check\" value=\"1\">\n        <div class=\"form-field\">\n            <label class=\"form-label u-hiddenVisually\" for=\"nl_email\">{{lang 'common.email_address'}}</label>\n            <div class=\"form-prefixPostfix wrap\">\n                <input class=\"form-input\" id=\"nl_email\" name=\"nl_email\" type=\"email\" value=\"{{customer.email}}\" placeholder=\"Email\">\n                <input class=\"button button--primary form-prefixPostfix-button--postfix\" type=\"submit\" value=\"Join\">\n                <div class=\"clear\"></div>\n            </div>\n            <div class=\"clear\"></div>\n        </div>\n        <div class=\"clear\"></div>\n    </fieldset>\n</form>\n<div class=\"clear\"></div>\n","components/common/social-links":"{{#if social_media}}\n    <h5 class=\"footer-info-heading\">Connect with Us:</h5>\n    <ul class=\"socialLinks socialLinks--alt\">\n        {{#each social_media}}\n            <li class=\"socialLinks-item\">\n                {{#if display_name '===' 'google+'}}\n                    <a class=\"icon icon--google\" href=\"{{url}}\" target=\"_blank\">\n                        <svg><use xlink:href=\"#icon-google\" /></svg>\n                    </a>\n                {{else}}\n                    <a class=\"icon icon--{{display_name}}\" href=\"{{url}}\" target=\"_blank\">\n                        <svg><use xlink:href=\"#icon-{{display_name}}\" /></svg>\n                    </a>\n                {{/if}}\n            </li>\n        {{/each}}\n    </ul>\n{{/if}}\n","components/common/geotrust-ssl-seal":"<table width=\"135\" border=\"0\" cellpadding=\"2\" cellspacing=\"0\" title=\"Click to Verify - This site chose GeoTrust SSL for secure e-commerce and confidential communications.\">\n    <tr>\n        <td width=\"135\" align=\"center\" valign=\"top\">\n            <script type=\"text/javascript\" src=\"https://seal.geotrust.com/getgeotrustsslseal?host_name={{theme_settings.geotrust_ssl_common_name}}&amp;size={{theme_settings.geotrust_ssl_seal_size}}&amp;lang={{locale_name}}\"></script><br />\n            <a href=\"http://www.geotrust.com/ssl/\" target=\"_blank\"  style=\"color:#000000; text-decoration:none; font:bold 7px verdana,sans-serif; letter-spacing:.5px; text-align:center; margin:0px; padding:0px;\"></a>\n        </td>\n    </tr>\n</table>\n","components/common/payment-icons":"<div class=\"footer-payment-icons\">\n    {{#if theme_settings.show_accept_amex}}\n        <svg class=\"footer-payment-icon amex\"><use xlink:href=\"#icon-logo-american-express\"></use></svg>\n    {{/if}}\n    {{#if theme_settings.show_accept_discover}}\n        <svg class=\"footer-payment-icon discover\"><use xlink:href=\"#icon-logo-discover\"></use></svg>\n    {{/if}}\n    {{#if theme_settings.show_accept_mastercard}}\n        <svg class=\"footer-payment-icon mastercard\"><use xlink:href=\"#icon-logo-mastercard\"></use></svg>\n    {{/if}}\n    {{#if theme_settings.show_accept_paypal}}\n        <svg class=\"footer-payment-icon paypal\"><use xlink:href=\"#icon-logo-paypal\"></use></svg>\n    {{/if}}\n    {{#if theme_settings.show_accept_visa}}\n        <svg class=\"footer-payment-icon visa\"><use xlink:href=\"#icon-logo-visa\"></use></svg>\n    {{/if}}\n</div>\n","components/common/navigation-list":"{{#if children}}\n<a class=\"navPages-action has-subMenu\" href=\"{{url}}\">\n    {{name}} <i class=\"fa fa-chevron-down main-nav\" aria-hidden=\"true\"></i>\n</a>\n<div class=\"navPage-subMenu\" id=\"navPages-{{id}}\" aria-hidden=\"true\" tabindex=\"-1\">\n    <ul class=\"navPage-subMenu-list\">\n        <li class=\"navPage-subMenu-item\">\n            <a class=\"navPage-subMenu-action navPages-action\" href=\"{{url}}\">{{lang 'category.view_all.name' category=name}}</a>\n        </li>\n        {{#each children}}\n            <li class=\"navPage-subMenu-item\">\n                {{#if children}}\n                    <a\n                        class=\"navPage-subMenu-action navPages-action has-subMenu\"\n                        href=\"{{url}}\"\n                        data-collapsible=\"navPages-{{id}}\"\n                        data-collapsible-disabled-breakpoint=\"medium\"\n                        data-collapsible-disabled-state=\"open\"\n                        data-collapsible-enabled-state=\"closed\">\n                        {{name}} <i class=\"fa fa-chevron-down\" aria-hidden=\"true\"></i>\n                    </a>\n                    <ul class=\"navPage-childList\" id=\"navPages-{{id}}\">\n                        {{#each children}}\n                        <li class=\"navPage-childList-item\">\n                            <a class=\"navPage-childList-action navPages-action\" href=\"{{url}}\">{{name}}</a>\n                        </li>\n                        {{/each}}\n                    </ul>\n                {{else}}\n                    <a class=\"navPage-subMenu-action navPages-action\" href=\"{{url}}\">{{name}}</a>\n                {{/if}}\n            </li>\n        {{/each}}\n    </ul>\n</div>\n{{else}}\n<a class=\"navPages-action\" href=\"{{url}}\">{{name}}</a>\n{{/if}}\n"}
