{"components/custom/sidenav":"<nav>\n    <div class=\"sideCategoryList category-page\" id=\"side-categories\" data-menu>\n        <div class=\"categories\">\n            <h2 class=\"container-header\">{{lang 'sidenav_headers.categories_header'}}</h2>\n            <div class=\"category-list\">\n                {{#each categories}}\n                    <li class=\"navPages-item\">\n                        {{> components/common/navigation-list-alternate}}\n                    </li>\n                {{/each}}\n            </div> <!-- category-list -->\n        </div> <!-- categories -->\n        <div class=\"brands-option{{#if theme_settings.brands_visibility '!==' 'no-brands'}} with-brands{{/if}}\">\n          <div class=\"brands\">\n            <h2 class=\"container-header\">{{lang 'sidenav_headers.brands_header'}}</h2>\n            <div class=\"brands-list\">\n              {{#each shop_by_brand}}\n                  <li>\n                      <a href=\"{{url}}\">{{name}}</a>\n                  </li>\n              {{/each}}\n                  <li>\n                      <a href=\"/brands/\">View all Brands</a>\n                  </li>\n            </div> <!-- brand-list -->\n          </div> <!--brands-->\n        </div> <!--brands-option-->\n        <div class=\"shop-by-price\">\n          {{#or category.subcategories category.faceted_search_enabled category.shop_by_price}}\n            <div class=\"filters\" id=\"faceted-search-container\">\n              <!-- <h2 class=\"container-header\">Refine By</h2> -->\n              {{> components/category/sidebar}}\n            </div>\n          {{/or}}\n\n        </div>\n    </div> <!-- sideCategoryList -->\n\n  <div class=\"sideCategoryList mobile\">\n        <!-- FACETED PRICE SEARCH GETS MOVED HERE ON MOBILE -->\n  </div>\n</nav>\n","components/common/navigation-list-alternate":"{{#if children}}\n    <a class=\"navPages-action navPages-action-depth-max has-subMenu is-root\" href=\"{{url}}\">\n        {{name}} <i class=\"icon navPages-action-moreIcon\" aria-hidden=\"true\"><svg><use xlink:href=\"#icon-chevron-down\" /></svg></i>\n    </a>\n    {{> components/common/navigation-dropdown}}\n{{else}}\n    <a class=\"navPages-action\" href=\"{{url}}\">{{name}}</a>\n{{/if}}\n","components/category/sidebar":"<nav>\n    {{#if category.subcategories}}\n    <div class=\"sidebarBlock\">\n        <h5 class=\"sidebarBlock-heading\">{{category.name}}</h5>\n        <ul class=\"navList\">\n            {{#each category.subcategories}}\n            <li class=\"navList-item\">\n                <a class=\"navList-action\" href=\"{{url}}\" alt=\"{{name}}\" title=\"{{name}}\">{{name}}</a>\n            </li>\n            {{/each}}\n        </ul>\n    </div>\n    {{/if}}\n\n    {{#if category.faceted_search_enabled}}\n        {{> components/faceted-search/index category}}\n    {{else}}\n        {{> components/category/shop-by-price shop_by_price=category.shop_by_price category_url=category.url}}\n    {{/if}}\n</nav>\n","components/common/navigation-dropdown":"<div class=\"navPage-subMenu navPage-subMenu-horizontal\" id=\"navPages-{{id}}\" aria-hidden=\"true\" tabindex=\"-1\">\n    <ul class=\"navPage-subMenu-list\">\n        <!-- <li class=\"navPage-subMenu-item-parent\">\n            <a class=\"navPage-subMenu-action navPages-action navPages-action-depth-max\" href=\"{{url}}\">{{lang 'category.view_all.name' category=name}}</a>\n        </li> -->\n        {{#each children}}\n            <li class=\"navPage-subMenu-item-child\">\n                {{#if children}}\n                    <a class=\"navPage-subMenu-action navPages-action navPages-action-depth-max has-subMenu\" href=\"{{url}}\" data-collapsible=\"navPages-{{id}}\">\n                        {{name}} <i class=\"icon navPages-action-moreIcon\" aria-hidden=\"true\"><svg><use xlink:href=\"#icon-chevron-down\" /></svg></i>\n                    </a>\n                    {{> components/common/navigation-dropdown}}\n                {{else}}\n                    <a class=\"navPage-subMenu-action navPages-action\" href=\"{{url}}\">{{name}}</a>\n                {{/if}}\n            </li>\n        {{/each}}\n    </ul>\n</div>\n","components/faceted-search/index":"<div id=\"facetedSearch\" class=\"facetedSearch sidebarBlock\">\n  <h2 class=\"container-header\">{{lang 'search.faceted.selected.title'}}</h2>\n    {{> components/faceted-search/selected-facets this.selected}}\n\n    <a href=\"#facetedSearch-navList\" role=\"button\" class=\"facetedSearch-toggle toggleLink\" data-collapsible>\n        <span class=\"facetedSearch-toggle-text\">\n            {{#if facets.length '>' 2}}\n                {{lang 'search.faceted.browse-by'}} {{ join (pluck facets 'title') ', ' limit=2 }} &amp; {{ toLowerCase (lang 'search.faceted.more') }}\n            {{/if}}\n\n            {{#if facets.length '<=' 2}}\n                {{lang 'search.faceted.browse-by'}} {{ join (pluck facets 'title') ', ' lastSeparator=' & ' }}\n            {{/if}}\n        </span>\n\n        <span class=\"facetedSearch-toggle-indicator\">\n            <span class=\"toggleLink-text toggleLink-text--on\">\n                {{lang 'search.faceted.hide-filters'}}\n\n                <i class=\"icon\" aria-hidden=\"true\">\n                    <svg><use xlink:href=\"#icon-keyboard-arrow-up\"/></svg>\n                </i>\n            </span>\n\n            <span class=\"toggleLink-text toggleLink-text--off\">\n                {{lang 'search.faceted.show-filters'}}\n\n                <i class=\"icon\" aria-hidden=\"true\">\n                    <svg><use xlink:href=\"#icon-keyboard-arrow-down\"/></svg>\n                </i>\n            </span>\n        </span>\n    </a>\n\n    {{#any facets visible=true}}\n        <div\n            id=\"facetedSearch-navList\"\n            class=\"facetedSearch-navList blocker-container\">\n            <div class=\"accordion accordion--navList\">\n                {{#each facets}}\n                    {{#if visible}}\n                        {{{dynamicComponent 'components/faceted-search/facets'}}}\n                    {{/if}}\n                {{/each}}\n            </div>\n\n            <div class=\"blocker\" style=\"display: none;\"></div>\n        </div>\n    {{/any}}\n</div>\n","components/category/shop-by-price":"{{#if theme_settings.shop_by_price_visibility}}\n    <div class=\"sidebarBlock\">\n        <h5 class=\"sidebarBlock-heading\">{{lang 'category.shop_by_price'}}</h5>\n        <ul class=\"navList\">\n            {{#each shop_by_price}}\n            <li class=\"navList-item\">\n                <a class=\"navList-action {{#if selected }} is-active {{/if}}\" href=\"{{url}}\" alt=\"{{low.formatted}} - {{high.formatted}}\" title=\"{{low.formatted}} - {{high.formatted}}\">{{low.formatted}} - {{high.formatted}}</a>\n            </li>\n            {{/each}}\n\n            {{#any shop_by_price selected=true}}\n                <li class=\"navList-item\">\n                    <a href=\"{{category_url}}\" class=\"navList-action\">\n                        {{lang 'category.reset'}}\n                    </a>\n                </li>\n            {{/any}}\n        </ul>\n    </div>\n{{/if}}\n","components/faceted-search/selected-facets":"<div class=\"facetedSearch-refineFilters sidebarBlock\">\n    <!-- <h5 class=\"sidebarBlock-heading\">\n        {{lang 'search.faceted.selected.title'}}\n    </h5> -->\n\n    {{#if this.items}}\n        <ul class=\"inlineList inlineList--labels\">\n            {{#each this.items}}\n                <li>\n                    <a\n                        href=\"{{ url }}\"\n                        class=\"facetLabel\"\n                        rel=\"nofollow\"\n                        data-faceted-search-facet>\n                        {{#if facet '===' 'rating'}}\n                            {{lang 'search.faceted.selected.rating-label' rating=title}}\n                        {{else}}\n                            {{ title }}\n                        {{/if}}\n\n                        <svg class=\"icon\">\n                            <use xlink:href=\"#icon-close\" />\n                        </svg>\n                    </a>\n                </li>\n            {{/each}}\n        </ul>\n    {{else}}\n        {{lang 'search.faceted.selected.no-filters'}}\n    {{/if}}\n\n    {{#if remove_all_url}}\n        <a href=\"{{ remove_all_url }}\" data-faceted-search-facet>\n            {{lang 'search.faceted.selected.clear-all'}}\n        </a>\n    {{/if}}\n</div>\n","components/faceted-search/facets/hierarchy-children":"<ul class=\"navList navList--inner\">\n    {{#each this}}\n        <li class=\"navList-item\">\n            <a\n            href=\"{{url}}\"\n            class=\"navList-action navList-action--checkbox {{#if selected }} is-selected {{/if}} {{#if has_sub_categories }} has-children {{/if}}\"\n            rel=\"nofollow\"\n            data-id=\"{{ id }}\"\n            data-faceted-search-facet>\n                {{title}}\n                {{#if ../show_product_counts}}\n                    {{#if count}}\n                        <span>({{count}})</span>\n                    {{/if}}\n                {{/if}}\n            </a>\n            {{#if children}}\n                {{> components/faceted-search/facets/hierarchy-children children}}\n            {{/if}}\n        </li>\n    {{/each}}\n</ul>\n","components/faceted-search/facets/hierarchy":"{{#if items}}\n<div class=\"accordion-block\">\n    <div\n        class=\"accordion-navigation toggleLink {{#unless ../start_collapsed }} is-open {{/unless}}\"\n        role=\"button\"\n        data-collapsible=\"#facetedSearch-content--{{hyphenate facet }}\">\n        <h5 class=\"accordion-title\">\n            {{ title }}\n        </h5>\n\n        <div class=\"accordion-navigation-actions\">\n            {{#if selected}}\n                <a href=\"{{ remove_url }}\" class=\"facetedSearch-clearLink\" data-faceted-search-facet>{{lang 'search.faceted.clear'}}</a>\n            {{/if}}\n            <svg class=\"icon accordion-indicator toggleLink-text toggleLink-text--off\">\n                <use xlink:href=\"#icon-add\" />\n            </svg>\n            <svg class=\"icon accordion-indicator toggleLink-text toggleLink-text--on\">\n                <use xlink:href=\"#icon-remove\" />\n            </svg>\n        </div>\n    </div>\n\n    <div id=\"facetedSearch-content--{{hyphenate facet }}\" class=\"accordion-content {{#unless ../start_collapsed }} is-open {{/unless}}\">\n        <ul id=\"facetedSearch-navList--{{hyphenate facet }}\" class=\"navList\" data-facet=\"{{facet}}\" data-has-more-results=\"{{ has_more_results }}\">\n            {{#each items}}\n                <li class=\"navList-item\">\n                    <a\n                        href=\"{{ url }}\"\n                        class=\"navList-action navList-action--checkbox {{#if selected }} is-selected {{/if}} {{#if has_sub_categories }} has-children {{/if}}\"\n                        rel=\"nofollow\"\n                        data-id=\"{{ id }}\"\n                        data-faceted-search-facet>\n                        {{ title }}\n                        {{#if ../show_product_counts}}\n                            {{#if count}}\n                                <span>({{ count }})</span>\n                            {{/if}}\n                        {{/if}}\n                    </a>\n                    {{#if children}}\n                        {{> components/faceted-search/facets/hierarchy-children children}}\n                    {{/if}}\n                </li>\n            {{/each}}\n        </ul>\n\n        {{#if show_more_toggle}}\n            <a href=\"#facetedSearch-navList--{{hyphenate facet }}\" role=\"button\" class=\"toggleLink\">\n                <span class=\"toggleLink-text toggleLink-text--off\">{{lang 'search.faceted.show-more'}}</span>\n            </a>\n        {{/if}}\n    </div>\n</div>\n{{/if}}\n","components/faceted-search/facets/multi":"{{#if items}}\n<div class=\"accordion-block\">\n    <div\n        class=\"accordion-navigation toggleLink {{#unless ../start_collapsed }} is-open {{/unless}}\"\n        role=\"button\"\n        data-collapsible=\"#facetedSearch-content--{{hyphenate facet }}\">\n        <h5 class=\"accordion-title\">\n            {{ title }}\n        </h5>\n\n        <div class=\"accordion-navigation-actions\">\n            {{#if selected}}\n                <a href=\"{{ remove_url }}\" class=\"facetedSearch-clearLink\" data-faceted-search-facet>{{lang 'search.faceted.clear'}}</a>\n            {{/if}}\n            <svg class=\"icon accordion-indicator toggleLink-text toggleLink-text--off\">\n                <use xlink:href=\"#icon-add\" />\n            </svg>\n            <svg class=\"icon accordion-indicator toggleLink-text toggleLink-text--on\">\n                <use xlink:href=\"#icon-remove\" />\n            </svg>\n        </div>\n    </div>\n\n    <div id=\"facetedSearch-content--{{hyphenate facet }}\" class=\"accordion-content {{#unless ../start_collapsed }} is-open {{/unless}}\">\n        <ul id=\"facetedSearch-navList--{{hyphenate facet }}\" data-facet=\"{{facet}}\" class=\"navList\" data-has-more-results=\"{{ has_more_results }}\">\n            {{#each items}}\n                <li class=\"navList-item\">\n                    <a\n                        href=\"{{ url }}\"\n                        class=\"navList-action navList-action--checkbox {{#if selected }} is-selected {{/if}}\"\n                        rel=\"nofollow\"\n                        data-faceted-search-facet>\n                        {{ title }}\n                        {{#if ../show_product_counts}}\n                            <span>({{ count }})</span>\n                        {{/if}}\n\n                        <span class=\"navList-action-close\" aria-hidden=\"true\">\n                            <svg class=\"icon\">\n                                <use xlink:href=\"#icon-close\"/>\n                            </svg>\n                        </span>\n                    </a>\n                </li>\n            {{/each}}\n        </ul>\n\n        {{#if show_more_toggle}}\n            <a href=\"#facetedSearch-navList--{{hyphenate facet }}\" role=\"button\" class=\"toggleLink\">\n                <span class=\"toggleLink-text toggleLink-text--off\">{{lang 'search.faceted.show-more'}}</span>\n            </a>\n        {{/if}}\n    </div>\n</div>\n{{/if}}\n","components/faceted-search/facets/range":"<div class=\"accordion-block\">\n    <div\n        class=\"accordion-navigation toggleLink {{#unless ../start_collapsed }} is-open {{/unless}}\"\n        role=\"button\"\n        data-collapsible=\"#facetedSearch-content--{{hyphenate facet }}\">\n        <h5 class=\"accordion-title\">\n            {{ title }}\n        </h5>\n\n        <div class=\"accordion-navigation-actions\">\n            {{#if selected}}\n                <a href=\"{{ remove_url }}\" class=\"facetedSearch-clearLink\" data-faceted-search-facet>{{lang 'search.faceted.clear'}}</a>\n            {{/if}}\n            <svg class=\"icon accordion-indicator toggleLink-text toggleLink-text--off\">\n                <use xlink:href=\"#icon-add\" />\n            </svg>\n            <svg class=\"icon accordion-indicator toggleLink-text toggleLink-text--on\">\n                <use xlink:href=\"#icon-remove\" />\n            </svg>\n        </div>\n    </div>\n\n    <div id=\"facetedSearch-content--{{hyphenate facet }}\" class=\"accordion-content {{#unless ../start_collapsed }} is-open {{/unless}}\">\n        <form id=\"facet-range-form\" class=\"form\" method=\"get\" data-faceted-search-range novalidate>\n            {{#each current_selected_items}}\n                <input type=\"hidden\" name=\"{{ param_name }}[]\" value=\"{{ param_value }}\"/>\n            {{/each}}\n            <input type=\"hidden\" name=\"search_query\" value=\"{{search_query}}\">\n            {{#if sort}}\n                <input type=\"hidden\" name=\"sort\" value=\"{{sort}}\">\n            {{/if}}\n            <fieldset class=\"form-fieldset\">\n                <div class=\"form-minMaxRow\">\n                    <div class=\"form-field\">\n                        <input\n                            name=\"min_price\"\n                            placeholder=\"{{lang 'search.faceted.range.min-placeholder'}}\"\n                            min=\"0\"\n                            class=\"form-input form-input--small\"\n                            required\n                            type=\"number\"\n                            value=\"{{ min_price }}\"\n                        />\n                    </div>\n\n                    <div class=\"form-field\">\n                        <input\n                            name=\"max_price\"\n                            placeholder=\"{{lang 'search.faceted.range.max-placeholder'}}\"\n                            min=\"0\"\n                            class=\"form-input form-input--small\"\n                            required\n                            type=\"number\"\n                            value=\"{{ max_price }}\"\n                        />\n                    </div>\n\n                    <div class=\"form-field\">\n                        <button class=\"button button--small\" type=\"submit\">\n                            {{lang 'search.faceted.range.update'}}\n                        </button>\n                    </div>\n                </div>\n\n                <div class=\"form-inlineMessage\"></div>\n            </fieldset>\n        </form>\n    </div>\n</div>\n","components/faceted-search/facets/rating":"{{#if items}}\n<div class=\"accordion-block\">\n    <div\n        class=\"accordion-navigation toggleLink {{#unless ../start_collapsed }} is-open {{/unless}}\"\n        role=\"button\"\n        data-collapsible=\"#facetedSearch-content--{{hyphenate facet }}\">\n        <h5 class=\"accordion-title\">\n            {{ title }}\n        </h5>\n\n        <div class=\"accordion-navigation-actions\">\n            {{#if selected}}\n                <a href=\"{{ remove_url }}\" class=\"facetedSearch-clearLink\" data-faceted-search-facet>{{lang 'search.faceted.clear'}}</a>\n            {{/if}}\n            <svg class=\"icon accordion-indicator toggleLink-text toggleLink-text--off\">\n                <use xlink:href=\"#icon-add\" />\n            </svg>\n            <svg class=\"icon accordion-indicator toggleLink-text toggleLink-text--on\">\n                <use xlink:href=\"#icon-remove\" />\n            </svg>\n        </div>\n    </div>\n\n    <div id=\"facetedSearch-content--{{hyphenate facet }}\" class=\"accordion-content facetedSearch-content--{{hyphenate facet}} {{#unless ../start_collapsed }} is-open {{/unless}}\">\n        <ul class=\"navList\">\n            {{#each items}}\n                <li class=\"navList-item\">\n                    <a href=\"{{ url }}\"\n                       class=\"navList-action {{#if selected }} is-selected {{/if}}\"\n                       rel=\"nofollow\"\n                       data-faceted-search-facet>\n                        <span class=\"rating--small\">\n                            {{> components/products/ratings rating=title}}\n                        </span>\n                        {{lang 'search.faceted.rating.and-up'}}\n                        {{#if ../show_product_counts}}\n                            <span>({{ count }})</span>\n                        {{/if}}\n                    </a>\n                </li>\n            {{/each}}\n        </ul>\n    </div>\n</div>\n{{/if}}\n","components/products/ratings":"{{#for 1 5}}\n    {{#if ../this.rating '>=' $index}}\n        <span class=\"icon icon--ratingFull\">\n            <svg>\n                <use xlink:href=\"#icon-star\" />\n            </svg>\n        </span>\n    {{else}}\n        <span class=\"icon icon--ratingEmpty\">\n            <svg>\n                <use xlink:href=\"#icon-star\" />\n            </svg>\n        </span>\n    {{/if}}\n{{/for}}\n{{{snippet 'product_rating'}}}\n"}
